datetime,symb,company,sector,industry,market_cap,income,insider_own,shs_outstanding,shs_float,short_float,short_ratio,last,volume,change_pct
2019-12-19,COLD,Americold Realty T ,Financial,REIT - Industrial,7.28B,31.30M,0.20%,194.57M,148.02M,-,11.38,38.58,204320,14.75
2019-12-19,TWLO,Twilio Inc. Class A ,Technology,Application Software,19.69B,-134.70M,0.50%,133.42M,114.51M,-,2.83,113.1,243510,14.9
2019-12-19,BJ,"Bj""s Wholesale Clu ",Services,"Discount, Variety Stores",2.80B,141.22M,1.06%,54.94M,54.46M,-,0.97,27.01,27330,15.97
2019-12-19,BLL,Ball Corporation ,Consumer Goods,Packaging & Containers,7.00B,459.00M,0.50%,174.79M,168.42M,S&P 500,7.86,79.27,447090,23.09
2019-12-19,DLTR,Dollar Tree Inc. ,Services,"Discount, Variety Stores",22.78B,1.15B,1.70%,236.44M,231.29M,S&P 500,1.76,113.42,172800,23.51
2019-12-19,EXAS,Exact Sciences Cor ,Healthcare,Medical Laboratories & Research,5.82B,-239.30M,1.50%,129.44M,118.34M,-,5.51,117.89,306660,30.08
2019-12-19,COG,Cabot Oil & Gas Co ,Basic Materials,Independent Oil & Gas,10.82B,-5.30M,1.50%,440.77M,424.09M,S&P 500,4.19,22.26,1010000,32.11
2019-12-19,DXC,Dxc Technology Com ,Technology,Information Technology Services,20.58B,1.84B,0.30%,284.94M,279.77M,-,2.98,53.11,788300,41.1
2019-12-19,PRTK,Paratek Pharmaceut ,Healthcare,Biotechnology,783.44M,-95.90M,1.60%,27.93M,27.57M,-,3.49,4.94,462220,67.46
2019-12-19,TUP,Tupperware Brands ,Consumer Goods,Packaging & Containers,707.88M,207.70M,1.20%,49.09M,48.14M,-,4.87,14.24,330690,68.72
2019-12-19,SAGE,Sage Therapeutics ,Healthcare,Biotechnology,6.04B,-283.90M,0.10%,45.77M,45.23M,-,5.71,178.2,91420,148.54
2019-06-24,AMAG,Amag Pharmaceutica ,Healthcare,Biotechnology,327.23M,-287.30M,0.30%,33.98M,33.38M,-22.02%,17.05,10.19,585620,13.6
2019-06-24,PTN,Palatin Technologi ,Healthcare,Diagnostic Substances,242.60M,23.40M,1.20%,197.24M,191.71M,-,3.89,2.06,5270000,53.74
2019-06-12,NVTR,Nuvectra Corporati ,Healthcare,Medical Appliances & Equipment,26.59M,-35.80M,2.00%,17.85M,17.21M,-,2.62,4.49,258360,13.38
2019-06-12,PLAN,Anaplan Inc. ,Technology,Business Software & Services,4.06B,-105.00M,11.20%,121.71M,108.19M,-,5.46,57.0,402240,20.99
2019-06-12,MX,Magnachip Semicond ,Technology,Semiconductor - Specialized,307.42M,28.30M,1.50%,35.54M,33.89M,-,2.03,10.95,87970,24.01
2019-07-26,XBIO,Xenetic Bioscience ,Healthcare,Biotechnology,5.06M,-10.70M,,0.92M,0.37M,-,0.07,2.98,92460,11.19
2019-07-26,CTST,Canntrust Holdings ,Healthcare,Drugs - Generic,118.00M,-,-,141.18M,115.33M,-,6.46,2.17,98830,11.28
2019-07-26,EHTH,ehealth Inc. ,Financial,Insurance Brokers,2.90B,4.10M,6.20%,23.49M,22.21M,-,5.99,95.95,90040,12.25
2019-07-26,SMSI,Smith Micro Softwa ,Technology,Application Software,42.73M,-9.70M,3.80%,13.74M,11.15M,-,3.82,4.5,344590,30.43
2019-05-04,TISI,Team Inc. ,Services,Business Services,438.35M,-15.50M,1.00%,29.82M,28.95M,-,11.09,19.32,32660,13.38
2019-03-05,HUYA,Huya Inc. American ,Services,Entertainment - Diversified,4.85B,48.30M,6.99%,218.14M,8.24M,58.68,2.57,27.12,505370,10.42
2019-01-31,FB,Facebook Inc. ,Technology,Internet Information Providers,625.16B,18.02B,0.98%,2.87B,2.38B,S&P 500,2.19,167.7,11050000,11.49
2019-01-21,SPPI,Spectrum Pharmaceu ,Healthcare,Biotechnology,1.16B,-61.00M,0.80%,103.19M,95.51M,-,4.68,13.0,35060,19.16
2019-01-20,SPPI,Spectrum Pharmaceu ,Healthcare,Biotechnology,1.16B,-61.00M,0.80%,103.19M,95.51M,-,4.68,13.0,35060,19.16
2019-01-11,CRBP,Corbus Pharmaceuti ,Healthcare,Biotechnology,311.08M,-14.90M,2.20%,44.76M,36.02M,-,2.03,8.82,115160,13.37
2019-01-31,FLEX,Flex Ltd. ,Technology,Printed Circuit Boards,6.82B,535.00M,0.10%,523.60M,522.65M,-,3.58,10.69,141130,15.82
2019-02-15,SAEX,Saexploration Hold ,Basic Materials,Oil & Gas Equipment & Services,11.93M,-85.50M,13.28%,4.29M,3.10M,-,0.96,4.7,202000,20.82
2019-03-05,NCTY,The9 Limited ,Technology,Multimedia & Graphics Software,44.03M,-34.20M,,45.29M,1.88M,-,0.63,2.25,295350,15.38
2019-03-05,AWSM,Cool Holdings Inc. ,Technology,Communication Equipment,6.66M,-25.70M,9.20%,9.25M,6.36M,-,1.50,4.4,884760,36.43
2019-03-15,RCMT,Rcm Technologies I ,Services,Staffing & Outsourcing Services,45.26M,3.60M,0.80%,13.43M,11.19M,-,0.83,4.0,639280,11.11
2019-03-15,GNPX,Genprex Inc. ,Healthcare,Biotechnology,244.42M,-3.60M,13.20%,16.07M,-,-,-,2.39,71070,11.16
2019-03-15,MDCA,Mdc Partners Inc. ,Services,Marketing Services,180.78M,-55.60M,1.10%,53.17M,52.34M,-,12.56,2.49,69750,22.66
2019-03-15,KPTI,Karyopharm Therape ,Healthcare,Biotechnology,554.14M,-206.10M,2.10%,62.29M,49.62M,-,8.90,5.69,189530,29.32
2019-03-15,ACHV,Achieve Life Scien ,Healthcare,Biotechnology,26.97M,-12.70M,4.97%,6.71M,6.39M,-,0.27,4.09,2010000,66.94
2019-05-03,ELGX,Endologix Inc. ,Healthcare,Medical Instruments & Supplies,33.29M,-82.90M,4.20%,18.60M,17.27M,-,4.33,7.0,28240,10.76
2019-05-03,MELI,Mercadolibre Inc. ,Services,Catalog & Mail Order Houses,25.92B,15.70M,12.97%,49.71M,43.73M,-,4.47,536.0,58820,11.12
2019-05-03,CARB,Carbonite Inc. ,Technology,Business Software & Services,927.18M,-4.00M,5.40%,27.76M,24.69M,-,8.76,27.48,566170,11.8
2019-05-03,ZIXI,Zix Corporation ,Technology,Application Software,313.52M,6.00M,1.90%,52.96M,52.93M,-,2.88,9.25,46400,12.39
2019-05-03,OLED,Universal Display ,Technology,Semiconductor Equipment & Materials,5.80B,56.50M,3.70%,46.45M,41.42M,-,5.68,179.25,215550,14.46
2019-01-03,PGNX,Progenics Pharmace ,Healthcare,Biotechnology,429.47M,-41.50M,1.59%,69.95M,68.78M,-,6.82,4.85,253440,14.12
2018-12-06,FLIR,Flir Systems Inc. ,Technology,Scientific & Technical Instruments,6.13B,228.00M,0.60%,137.42M,137.10M,S&P 500,2.38,50.0,70330,11.46
2018-12-05,FLIR,Flir Systems Inc. ,Technology,Scientific & Technical Instruments,6.13B,228.00M,0.60%,137.42M,137.10M,S&P 500,2.38,50.0,70330,11.46
2018-11-22,TIS,Orchids Paper Prod ,Consumer Goods,Cleaning Products,13.66M,-27.30M,8.23%,10.67M,9.79M,-,2.71,2.02,650850,197.06
2018-10-19,SKYW,Skywest Inc. ,Services,Regional Airlines,2.98B,201.70M,2.50%,51.91M,50.49M,-,2.88,56.3,33180,10.44
2018-10-19,NDRA,Endra Life Science ,Healthcare,Medical Instruments & Supplies,10.43M,-9.80M,3.20%,7.61M,7.16M,-,2.03,4.66,371000,12.56
2018-10-29,IMMU,Immunomedics Inc. ,Healthcare,Biotechnology,2.51B,-219.30M,7.49%,188.94M,172.24M,-,11.00,25.0,30960,11.16
2018-10-29,GNW,Genworth Financial ,Financial,Life Insurance,2.07B,-217.00M,0.16%,508.03M,497.29M,-,2.31,4.11,122280,13.85
2018-12-28,OPK,Opko Health Inc. ,Healthcare,Biotechnology,1.04B,-244.30M,5.50%,637.66M,362.11M,-24.88%,21.76,2.79,296930,10.28
2018-10-19,NVIV,Invivo Therapeutic ,Healthcare,Biotechnology,296.27M,-26.70M,0.90%,37.79M,1.51M,-8.73%,11.22,2.65,537730,10.44
2018-10-29,DCIX,Diana Containershi ,Services,Shipping,3.60M,11.90M,5.10%,0.78M,0.72M,0.00,0.21,2.25,878360,27.84
2018-11-08,VSTM,Verastem Inc. ,Healthcare,Biotechnology,146.20M,-61.20M,0.30%,41.89M,38.80M,-,1.14,6.54,349850,11.79
2018-11-08,FOSL,Fossil Group Inc. ,Consumer Goods,Textile - Apparel Footwear & Accessories,350.99M,-325.80M,8.10%,51.24M,43.28M,-13.07%,5.57,23.65,146270,14.47
2018-11-08,ALRM,Alarm.com Holdings ,Technology,Application Software,2.13B,31.90M,1.10%,46.84M,43.52M,-,2.31,57.25,30670,21.16
2018-11-08,CVNA,Carvana Co. Class A ,Services,Auto Dealerships,353.47M,-,10.00%,15.78M,12.06M,5.76%,4.76,57.0,248450,23.46
2018-11-08,CYBR,Cyberark Software ,Technology,Business Software & Services,1.41B,31.30M,-,34.86M,33.55M,-,2.79,82.75,50680,15.41
2018-11-08,NK,Nantkwest Inc. ,Healthcare,Biotechnology,360.71M,-96.20M,0.40%,78.93M,27.56M,-,19.35,3.85,30000,42.07
2018-12-14,TIK,Tel-instrument Ele ,Industrial Goods,Aerospace/Defense - Major Diversified,6.26M,-8.60M,3.50%,2.72M,1.43M,-,0.79,3.54,74120,17.22
2018-12-14,ALQA,Alliqua Biomedical ,Healthcare,Drug Manufacturers - Major,10.62M,-32.10M,24.07%,4.74M,3.80M,-,0.17,2.74,34640,28.64
2018-12-14,BEL,Belmond Ltd. Class ,Services,Lodging,1.15B,25.70M,23.80%,121.86M,95.19M,-,13.56,24.19,25720,37.05
2018-12-28,APHA,Aphria Inc. ,Healthcare,Drug Manufacturers - Other,1.73B,-,6.96%,249.76M,230.29M,-,3.45,6.6,3130000,18.49
2018-11-08,PTLA,Portola Pharmaceut ,Healthcare,Biotechnology,3.52B,-248.20M,0.53%,64.15M,64.15M,-,4.84,22.0,231940,15.42
2018-10-14,JBL,Jabil Inc. ,Technology,Printed Circuit Boards,4.69B,300.90M,1.40%,155.83M,139.17M,-,4.62,27.32,43180,15.13
2018-10-07,ALT,Altimmune Inc. ,Healthcare,Biotechnology,13.56M,-50.60M,1.20%,29.80M,29.21M,-,1.08,8.6,1660000,18.78
2018-09-12,FOMX,Foamix Pharmaceuti ,Healthcare,Biotechnology,209.98M,-29.30M,-,37.43M,30.62M,-,9.48,9.3,957300,57.09
2018-09-30,SYN,Synthetic Biologic ,Healthcare,Biotechnology,8.18M,14.00M,0.11%,12.58M,12.58M,-,0.76,2.88,190770,10.77
2018-09-07,PAGS,Pagseguro Digital ,Financial,Credit Services,8.33B,230.50M,-,324.28M,160.26M,-,8.33,28.5,44070,10.34
2018-09-07,AYTU,Aytu Bioscience In ,Healthcare,Biotechnology,20.07M,-27.10M,15.71%,19.30M,15.61M,-,2.98,4.45,26710,11.31
2018-09-07,OKTA,Okta Inc. ,Technology,Technical & System Software,5.65B,-114.40M,0.50%,104.37M,31.16M,-,2.80,69.22,898860,14.98
2018-10-14,ACRX,Acelrx Pharmaceuti ,Healthcare,Medical Appliances & Equipment,104.39M,-51.30M,1.40%,47.45M,47.45M,-,3.74,4.9,2230000,23.12
2018-08-05,UUU,Universal Security ,Services,Security & Protection Services,4.14M,-2.20M,,2.99M,1.32M,-,0.21,2.35,42300,30.56
2018-07-17,GBR,New Concept Energy ,Basic Materials,Independent Oil & Gas,3.74M,0.30M,0.08%,1.98M,1.98M,-,0.91,3.61,303300,12.81
2018-08-13,THST,Truett-hurst Inc. ,Consumer Goods,Beverages - Wineries & Distillers,6.57M,-1.30M,4.37%,4.92M,4.30M,-,0.63,2.22,25070,49.7
2018-08-13,HYRE,Hyrecar Inc. ,Services,Rental & Leasing Services,55.18M,-10.00M,15.60%,12.10M,7.93M,-,1.89,3.59,47950,29.6
2018-08-22,KEYS,Keysight Technolog ,Technology,Scientific & Technical Instruments,12.86B,-129.00M,0.60%,187.70M,186.77M,S&P 500,1.55,68.58,223490,13.47
2018-08-22,NEWA,Newater Technology ,Industrial Goods,Waste Management,143.78M,2.10M,,9.10M,5.60M,-,0.27,11.0,159490,18.79
2018-08-22,LZB,La-z-boy Incorpora ,Consumer Goods,Home Furnishings & Fixtures,1.53B,96.90M,1.30%,47.16M,44.83M,-,6.70,39.86,182730,20.41
2018-07-02,MLHR,Herman Miller Inc. ,Consumer Goods,Business Equipment,2.27B,145.90M,0.20%,60.01M,58.42M,-,3.04,38.55,312130,11.89
2018-06-28,XPO,Xpo Logistics Inc. ,Services,Air Delivery & Freight Services,5.12B,366.10M,0.10%,95.02M,89.50M,-,5.18,110.39,143450,10.67
2018-06-28,PED,Pedevco Corp. ,Basic Materials,Oil & Gas Equipment & Services,120.60M,-15.10M,14.70%,70.94M,7.89M,-,3.20,2.33,57910,10.95
2018-06-28,XLRN,Acceleron Pharma I ,Healthcare,Biotechnology,1.28B,-87.50M,1.80%,39.25M,32.64M,-,10.46,42.0,35580,23.6
2018-06-07,ZS,Zscaler Inc. ,Technology,Security Software & Services,7.56B,-33.60M,0.80%,124.81M,57.67M,-,4.27,34.4,325270,12.23
2018-06-07,FIVE,Five Below Inc. ,Services,"Specialty Retail, Other",6.82B,149.60M,0.80%,55.40M,54.49M,-,2.38,94.75,1450000,16.57
2018-06-07,AXON,Axovant Sciences L ,Healthcare,Biotechnology,431.80M,-249.10M,0.10%,94.90M,32.04M,-,0.90,5.12,2470000,12.53
2018-05-10,VTVT,vtv Therapeutics I ,Healthcare,Biotechnology,26.91M,-10.30M,1.00%,35.41M,6.82M,-,2.78,2.05,306650,19.88
2018-05-10,RESN,Resonant Inc. ,Technology,Semiconductor - Integrated Circuits,101.53M,-18.50M,4.10%,14.16M,13.59M,-,3.28,5.1,64350,21.43
2018-05-10,HEAR,Turtle Beach Corpo ,Technology,Communication Equipment,205.50M,47.20M,14.10%,14.71M,11.01M,4.07,5.53,10.35,843040,49.14
2018-06-08,EDAP,Edap Tms S.a. ,Healthcare,Medical Appliances & Equipment,101.75M,4.70M,6.00%,28.03M,12.42M,-,4.61,3.05,52840,38.01
2018-06-28,VVPR,Vivopower Internat ,Technology,Semiconductor - Specialized,19.20M,-27.90M,,13.43M,3.91M,-,0.32,3.0,439270,28.21
2018-06-28,GEMP,Gemphire Therapeut ,Healthcare,Biotechnology,16.22M,-26.70M,23.61%,13.86M,10.90M,-,4.79,11.89,960130,126.91
2018-07-02,MICT,Micronet Enertec T ,Industrial Goods,Aerospace/Defense - Major Diversified,11.64M,-7.20M,0.10%,8.82M,7.04M,-,0.53,2.38,225580,93.5
2018-06-08,ZUMZ,Zumiez Inc. ,Services,"Specialty Retail, Other",444.14M,19.80M,0.60%,24.31M,17.11M,3.98%,9.17,31.0,128780,14.81
2018-07-02,ACXM,Acxiom Corporation ,Technology,Information Technology Services,2.04B,10.50M,3.00%,79.18M,77.35M,-,4.42,38.51,320660,12.57
2018-04-18,NBEV,New Age Beverages ,Consumer Goods,Beverages - Soft Drinks,80.64M,0.40M,20.10%,34.46M,14.02M,-,4.46,2.15,115880,11.4
2018-04-18,TLGT,Teligent Inc. ,Healthcare,Biotechnology,160.18M,-11.80M,1.00%,53.39M,53.04M,-,16.84,3.46,60910,14.57
2018-03-15,CHFS,Chf Solutions Inc.  ,Healthcare,Medical Appliances & Equipment,53.80M,-31.50M,0.40%,6.99M,6.80M,-,2.75,4.41,162300,10.8
2018-03-15,SHLD,Sears Holdings Cor  ,Services,Department Stores,328.64M,-853.00M,0.70%,102.38M,69.34M,-5.03%,7.22,2.7,40320,11.57
2018-03-15,PTI,Proteostasis Thera  ,Healthcare,Biotechnology,170.08M,-55.40M,1.20%,34.71M,30.80M,-,0.90,8.6,1050000,31.2
2018-03-15,CHFS,Chf Solutions Inc.  ,Healthcare,Medical Appliances & Equipment,53.80M,-31.50M,0.40%,6.99M,6.80M,-,2.75,4.41,162300,10.8
2018-03-15,SHLD,Sears Holdings Cor  ,Services,Department Stores,328.64M,-853.00M,0.70%,102.38M,69.34M,-5.03%,7.22,2.7,40320,11.57
2018-03-15,PTI,Proteostasis Thera  ,Healthcare,Biotechnology,170.08M,-55.40M,1.20%,34.71M,30.80M,-,0.90,8.6,1050000,31.2
2018-03-01,QEP,Qep Resources Inc. ,Basic Materials,Oil & Gas Pipelines,1.27B,-235.40M,0.91%,247.60M,234.58M,-,3.07,9.5,131930,10.21
2018-03-01,NSPR,Inspiremd Inc. ,Healthcare,Medical Appliances & Equipment,2.09M,-8.80M,0.70%,7.58M,1.33M,-,-,2.63,25670,10.5
2018-03-01,NVAX,Novavax Inc. ,Healthcare,Biotechnology,450.35M,-190.00M,0.10%,302.25M,302.25M,-,8.65,2.68,2880000,23.5
2018-03-14,RFIL,RF Industries Ltd. ,Technology,Diversified Electronics,52.08M,1.00M,4.50%,8.98M,7.45M,-,0.28,4.65,70190,34.78
2018-03-14,RFIL,RF Industries Ltd. ,Technology,Diversified Electronics,52.08M,1.00M,4.50%,8.98M,7.45M,-,0.28,4.65,70190,34.78
2018-03-01,DDD,3D Systems Corpora ,Technology,Computer Peripherals,1.44B,-34.40M,1.90%,116.27M,109.52M,0.98%,11.99,10.97,323510,15.47
2018-02-12,VIPS,Vipshop Holdings L ,Services,Catalog & Mail Order Houses,4.97B,309.30M,6.35%,683.13M,492.32M,-,1.25,18.25,599940,11.35
2018-02-07,GNW,Genworth Financial ,Financial,Life Insurance,2.07B,-217.00M,0.16%,508.03M,497.29M,-,2.31,3.08,177850,12.0
2018-02-07,WRK,Westrock Company ,Consumer Goods,Packaging & Containers,10.44B,690.00M,0.90%,254.90M,250.65M,S&P 500,1.98,73.98,47300,14.61
2018-01-25,VAR,Varian Medical Sys ,Healthcare,Medical Appliances & Equipment,8.52B,333.70M,0.20%,93.47M,93.20M,S&P 500,6.98,127.6,219030,12.87
2018-01-25,LTBR,Lightbridge Corpor ,Basic Materials,Synthetics,28.84M,-8.50M,0.40%,13.11M,9.02M,-,0.25,4.25,2650000,97.67
2018-02-06,YANG,Direxion Daily Fts ,Financial,Exchange Traded Fund,-,-,-,-,-,-,-,4.99,70690,10.15
2018-02-06,RDN,Radian Group Inc. ,Financial,Property & Casualty Insurance,3.85B,1.15B,0.20%,208.66M,207.40M,-,10.19,25.0,46960,15.26
2018-02-06,ARGS,Argos Therapeutics ,Healthcare,Biotechnology,9.09M,-54.00M,1.50%,4.04M,3.36M,-,-,2.05,91570,20.59
2018-02-06,VXX,ipath S&p 500 Vix ,Financial,Exchange Traded Fund,-,-,-,-,-,-,-,54.0,18670000,22.89
2018-02-07,SNAP,Snap Inc. Class A ,Technology,Internet Software & Services,7.91B,-1018.00M,10.20%,1.26B,853.47M,-,6.54,17.1,15640000,21.62
2017-12-23,MYO,Myomo Inc. ,Healthcare,Medical Appliances & Equipment,12.86M,-10.60M,6.40%,0.82M,-,-,3.18,4.39,233000,10.86
2017-12-15,SIEB,Siebert Financial ,Financial,Investment Brokerage - Regional,254.48M,-1.80M,0.30%,21.53M,1.89M,-,0.09,13.1,165210,10.55
2017-12-15,DCIX,Diana Containershi ,Services,Shipping,3.60M,11.90M,5.10%,0.78M,0.72M,0.00,0.21,6.37,741540,30.8
2017-12-09,AKTX,Akari Therapeutics ,Healthcare,Drugs - Generic,44.53M,-31.60M,4.93%,15.41M,5.72M,-,2.37,5.7,582610,16.33
2017-12-09,CHFS,Chf Solutions Inc. ,Healthcare,Medical Appliances & Equipment,96.88M,-,14.92%,12.52M,10.66M,-,51.23,4.0,294560,16.62
2017-12-23,NHLD,National Holdings ,Financial,Investment Brokerage - Regional,41.24M,-11.50M,2.85%,12.51M,12.19M,-,2.86,2.98,100360,12.03
2017-12-06,AVAV,Aerovironment Inc. ,Industrial Goods,Aerospace/Defense Products & Services,891.97M,-12.60M,1.20%,23.35M,20.77M,-,14.32,53.0,112010,22.54
2017-12-31,ALRM,Alarm.com Holdings ,Technology,Application Software,2.13B,31.90M,1.10%,46.84M,43.52M,-,2.31,48.26,714480,27.84
2017-12-31,ACHC,Acadia Healthcare ,Healthcare,Specialized Health Services,3.59B,179.40M,0.60%,87.10M,85.29M,-,10.62,41.72,26720,27.86
2018-01-09,ITUS,Itus Corporation ,Services,Business Services,10.26M,-7.00M,0.50%,9.08M,8.50M,-,1.00,3.29,36010,10.03
2018-01-09,ITUS,Itus Corporation ,Services,Business Services,10.26M,-7.00M,0.50%,9.08M,8.50M,-,1.00,3.29,36010,10.03
2018-01-17,JUNO,Juno Therapeutics ,Healthcare,Biotechnology,4.33B,-292.60M,1.90%,104.90M,80.51M,-,6.30,65.2,2040000,42.98
2017-11-07,NPTN,Neophotonics Corpo ,Technology,Semiconductor - Broad Line,328.37M,-81.20M,1.30%,45.99M,42.51M,-,5.96,5.3,28130,11.58
2017-11-07,TOPS,Top Ships Inc. ,Services,Shipping,0.08M,-0.40M,-,0.31M,0.14M,-,-,2.14,3040000,27.38
2017-11-07,MYO,Myomo Inc. ,Healthcare,Medical Appliances & Equipment,31.45M,-,27.00%,6.29M,4.44M,-,0.80,7.25,95400,70.99
2017-11-08,HSIC,Henry Schein Inc. ,Services,Medical Equipment Wholesale,11.80B,537.30M,0.30%,158.63M,150.81M,S&P 500,10.34,81.58,640430,14.89
2017-11-08,IPG,Interpublic Group ,Services,Advertising Agencies,9.49B,608.50M,0.50%,392.69M,390.06M,S&P 500,4.48,21.34,142380,15.1
2017-11-08,JNPR,Juniper Networks I ,Technology,Communication Equipment,8.41B,371.60M,0.10%,342.20M,330.95M,S&P 500,4.25,28.45,742580,16.12
2017-11-08,CVS,Cvs Health Corpora ,Healthcare,Health Care Plans,77.69B,5.29B,0.20%,1.02B,1.01B,S&P 500,4.38,80.9,310230,17.33
2017-11-08,FL,Foot Locker Inc. ,Consumer Goods,Textile - Apparel Footwear & Accessories,6.04B,653.00M,0.60%,182.18M,130.14M,S&P 500,0.00,34.38,46260,17.58
2017-11-08,M,"Macy""s Inc ",Services,Department Stores,6.36B,574.00M,0.30%,308.30M,303.56M,S&P 500,2.46,21.03,829230,19.97
2017-11-08,BBBY,Bed Bath & Beyond ,Services,Home Furnishing Stores,3.96B,637.80M,1.50%,142.35M,139.69M,-,4.18,23.25,233320,20.72
2017-11-08,TCS,Container Store (T ,Services,"Specialty Retail, Other",188.59M,9.30M,4.40%,49.24M,17.02M,-,17.03,4.65,75250,21.41
2017-11-08,CTL,Centurylink Inc. ,Technology,Telecom Services - Domestic,11.15B,374.00M,0.70%,555.92M,544.97M,3.51%,10.93,20.02,441290,23.43
2017-11-08,IZEA,Izea Inc. ,Technology,Internet Service Providers,29.12M,-7.50M,18.60%,4.96M,4.61M,-,0.00,4.1,228150,25.38
2017-11-08,ALK,Alaska Air Group I ,Services,Regional Airlines,7.58B,775.00M,0.40%,122.97M,122.70M,S&P 500,3.70,79.75,32600,28.22
2017-11-08,HTGM,Htg Molecular Diag ,Healthcare,Medical Laboratories & Research,124.71M,-22.70M,1.90%,27.90M,25.07M,-,0.96,2.95,407750,31.7
2017-11-17,SPLK,Splunk Inc. ,Technology,Application Software,17.39B,-309.90M,0.60%,148.65M,148.65M,-,4.09,78.5,724890,13.28
2017-11-17,KOOL,Cesca Therapeutics ,Healthcare,Medical Appliances & Equipment,30.43M,-9.00M,0.10%,10.83M,3.54M,-,2.45,4.22,28900,19.55
2017-11-17,LINU,Liniu Technology G ,Services,"Specialty Retail, Other",27.21M,-211.90M,,12.31M,7.72M,-,0.40,2.25,92130,13.64
2017-11-17,SCVL,Shoe Carnival Inc. ,Services,Apparel Stores,315.97M,20.70M,4.20%,16.50M,11.54M,-,5.84,24.94,68430,20.89
2017-10-21,AGEN,Agenus Inc. ,Healthcare,Biotechnology,294.93M,-127.20M,22.00%,87.00M,63.41M,-,9.45,5.5,70820,27.02
2017-10-02,LPX,Louisiana-pacific ,Industrial Goods,"Lumber, Wood Production",1.83B,-164.50M,0.87%,137.68M,136.21M,-,5.66,29.99,88870,10.75
2017-09-06,EFII,Electronics for Im ,Technology,Computer Peripherals,2.21B,48.20M,1.10%,85.02M,45.83M,-,18.96,39.5,52780,12.06
2017-10-02,SNCR,Synchronoss Techno ,Technology,Application Software,697.14M,-54.90M,6.20%,43.57M,42.33M,-,5.28,10.65,136820,14.15
2017-08-28,ETRM,Enteromedics Inc. ,Healthcare,Medical Appliances & Equipment,26.95M,-23.30M,11.80%,13.75M,8.69M,-,2.05,2.19,143560,12.89
2017-08-17,ROST,Ross Stores Inc. ,Services,Apparel Stores,30.80B,1.21B,0.20%,383.86M,374.08M,S&P 500,3.96,58.69,756490,10.05
2017-08-15,EXTR,Extreme Networks I ,Technology,Networking & Communication Devices,1.18B,-8.50M,1.30%,108.83M,108.62M,-,1.69,10.28,859840,10.3
2017-08-15,FATE,Fate Therapeutics ,Healthcare,Biotechnology,452.99M,-38.40M,0.50%,49.67M,49.67M,-,2.70,3.44,44780,11.33
2017-08-17,SPWH,"Sportsman""s Wareho ",Consumer Goods,Sporting Goods,136.92M,24.90M,1.60%,33.89M,33.89M,6.92,10.60,3.95,70520,14.16
2017-08-28,CTLT,Catalent Inc. ,Healthcare,Drugs - Generic,6.59B,140.00M,0.10%,147.15M,144.70M,-,5.42,41.15,292110,16.37
2017-10-21,AIMT,Aimmune Therapeuti ,Healthcare,Biotechnology,1.93B,-128.10M,0.50%,59.08M,47.76M,-,7.05,37.1,223990,44.58
2017-08-17,GPS,Gap Inc. (the) ,Services,Apparel Stores,9.41B,838.00M,5.50%,388.10M,252.29M,S&P 500,5.17,25.22,733760,11.2
2017-07-14,CGI,Celadon Group Inc.  ,Services,Trucking,80.82M,2.50M,0.30%,20.46M,-,-,4.22,2.7,31210,14.89
2017-07-02,CARA,Cara Therapeutics  ,Healthcare,Biotechnology,460.09M,-44.80M,29.45%,30.13M,24.34M,-,2.60,17.68,161300,14.9
2017-07-02,CARA,Cara Therapeutics  ,Healthcare,Biotechnology,460.09M,-44.80M,29.45%,30.13M,24.34M,-,2.60,17.68,161300,14.9
2017-06-20,LPCN,Lipocine Inc.  ,Healthcare,Drugs - Generic,35.22M,-18.60M,5.80%,23.17M,19.96M,-,3.23,5.5,855320,36.82
2017-05-02,THC,Tenet Healthcare C  ,Healthcare,Hospitals,1.45B,-196.00M,2.00%,100.61M,98.66M,2.85%,8.81,17.4,678110,13.36
2017-05-02,ANGI,"Angie""s List Inc.  ",Technology,Internet Software & Services,644.10M,-7.90M,2.80%,60.14M,39.85M,-,3.00,8.33,115570,41.43
2017-05-13,IDXG,Interpace Diagnost  ,Services,Business Services,28.86M,-5.30M,0.90%,21.38M,21.38M,-,0.94,2.8,98910,17.15
2017-05-13,IDXG,Interpace Diagnost  ,Services,Business Services,28.86M,-5.30M,0.90%,21.38M,21.38M,-,0.94,2.8,98910,17.15
2017-04-30,GRVY,Gravity Co. Ltd.  ,Technology,Multimedia & Graphics Software,323.27M,19.10M,,7.08M,2.83M,-,3.46,20.01,33010,10.19
2017-05-02,THC,Tenet Healthcare C  ,Healthcare,Hospitals,1.45B,-196.00M,2.00%,100.61M,98.66M,2.85%,8.81,17.4,678110,13.36
2017-05-02,ANGI,"Angie""s List Inc.  ",Technology,Internet Software & Services,644.10M,-7.90M,2.80%,60.14M,39.85M,-,3.00,8.33,115570,41.43
2017-05-03,MYGN,Myriad Genetics In  ,Services,Research Services,2.72B,176.20M,0.30%,72.37M,71.76M,-2.34%,43.98,20.7,83660,10.81
2017-05-03,BGFV,Big 5 Sporting Goo  ,Services,Sporting Goods Stores,47.16M,-0.60M,2.20%,22.14M,19.99M,15.14%,14.16,17.85,114270,12.26
2017-05-03,WTW,Weight Watchers In  ,Services,Personal Services,2.08B,89.10M,10.90%,62.38M,27.62M,7.74%,6.42,23.9,479510,12.79
2017-05-03,FEYE,Fireeye Inc.  ,Technology,Application Software,2.18B,-480.10M,4.70%,177.51M,160.12M,-,4.57,14.03,3330000,14.91
2017-05-03,OB,Onebeacon Insuranc  ,Financial,Surety & Title Insurance,1.45B,53.20M,2.40%,95.31M,22.68M,-,4.43,18.1,47320,15.29
2017-05-05,ELY,Callaway Golf Comp  ,Consumer Goods,Sporting Goods,1.58B,48.30M,1.00%,94.05M,87.57M,-,7.49,13.45,111530,10.97
2017-05-05,DAIO,Data I/o Corporati  ,Technology,Diversified Electronics,50.36M,1.70M,3.20%,8.07M,6.89M,-,0.24,5.4,38350,13.21
2017-05-05,WING,Wingstop Inc.  ,Services,Restaurants,1.53B,21.40M,0.80%,29.93M,28.82M,-,9.67,33.0,89410,13.79
2017-05-05,SWIR,Sierra Wireless In  ,Technology,Communication Equipment,425.33M,-27.50M,6.60%,36.11M,35.88M,-,6.38,28.25,79990,13.91
2017-05-05,OLED,Universal Display  ,Technology,Semiconductor Equipment & Materials,5.40B,48.10M,4.20%,47.41M,41.37M,-,4.80,103.25,215520,14.91
2017-05-05,CBMX,Combimatrix Corpor  ,Healthcare,Medical Laboratories & Research,16.44M,-3.20M,0.20%,2.91M,2.32M,-,2.22,5.6,26420,15.36
2017-05-05,ZFGN,Zafgen Inc.  ,Healthcare,Biotechnology,231.14M,-49.40M,0.30%,27.48M,27.19M,-,2.76,5.66,196080,16.22
2017-05-05,CRC,California Resourc  ,Basic Materials,Independent Oil & Gas,273.91M,349.00M,2.60%,49.00M,46.23M,0.78,4.45,11.19,37460,10.14
2017-05-24,TLYS,"Tilly""s Inc.  ",Services,Apparel Stores,227.86M,4.40M,1.40%,26.65M,11.40M,-,5.06,10.12,48650,17.95
2017-05-24,TCS,Container Store (T  ,Services,"Specialty Retail, Other",188.59M,9.30M,4.40%,49.24M,17.02M,-,17.03,5.77,400460,39.04
2017-06-07,CVNA,Carvana Co. Class A  ,Services,Auto Dealerships,353.47M,-,10.00%,15.78M,12.06M,5.76%,4.76,10.5,212910,10.18
2017-04-25,BGFV,Big 5 Sporting Goo  ,Services,Sporting Goods Stores,47.16M,-0.60M,2.20%,22.14M,19.99M,15.14%,14.16,17.95,41230,10.09
2017-04-25,LLNW,Limelight Networks  ,Technology,Internet Information Providers,552.24M,-7.70M,5.20%,110.67M,106.10M,-,1.22,3.1,117050,12.73
2017-04-25,UIS,Unisys Corporation  ,Technology,Information Technology Services,456.02M,-40.50M,1.30%,51.82M,49.98M,-29.60%,18.73,12.65,54180,13.45
2017-04-28,ALGN,Align Technology I  ,Healthcare,Medical Appliances & Equipment,20.86B,268.80M,0.40%,77.24M,72.22M,S&P 500,2.48,135.4,115940,12.75
2017-04-25,BGFV,Big 5 Sporting Goo  ,Services,Sporting Goods Stores,47.16M,-0.60M,2.20%,22.14M,19.99M,15.14%,14.16,17.95,41230,10.09
2017-04-12,NBIX,Neurocrine Bioscie  ,Healthcare,Biotechnology,9.52B,-52.00M,1.10%,89.56M,89.18M,-,5.93,49.1,974850,18.37
2017-04-25,LLNW,Limelight Networks  ,Technology,Internet Information Providers,552.24M,-7.70M,5.20%,110.67M,106.10M,-,1.22,3.1,117050,12.73
2017-04-25,UIS,Unisys Corporation  ,Technology,Information Technology Services,456.02M,-40.50M,1.30%,51.82M,49.98M,-29.60%,18.73,12.65,54180,13.45
2017-04-07,CBIO,Catalyst Bioscienc  ,Healthcare,Biotechnology,19.59M,-17.50M,-,4.25M,3.96M,-,0.81,8.2,48450,11.56
2017-04-07,CBIO,Catalyst Bioscienc  ,Healthcare,Biotechnology,19.59M,-17.50M,-,4.25M,3.96M,-,0.81,8.2,48450,11.56
2017-04-04,CYCC,Cyclacel Pharmaceu  ,Healthcare,Biotechnology,28.72M,-12.50M,17.53%,4.30M,3.75M,-,0.58,7.85,719270,22.27
2017-04-04,CYCC,Cyclacel Pharmaceu  ,Healthcare,Biotechnology,28.72M,-12.50M,17.53%,4.30M,3.75M,-,0.58,7.85,719270,22.27
2017-03-17,AVXS,Avexis Inc.  ,Healthcare,Biotechnology,477.79M,-29.00M,9.20%,22.40M,20.83M,-,0.00,81.54,133760,12.04
2017-03-29,IDXG,Interpace Diagnost  ,Services,Business Services,28.86M,-5.30M,0.90%,21.38M,21.38M,-,0.94,2.78,74910,11.2
2017-03-17,ABUS,Arbutus Biopharma  ,Healthcare,Biotechnology,80.25M,-100.00M,,56.12M,35.31M,-,6.81,3.25,76390,14.04
2017-03-29,RH,RH  ,Services,Home Furnishing Stores,1.62B,11.40M,10.70%,20.80M,18.78M,185.89,7.89,44.1,688300,16.05
2017-03-29,VRTX,Vertex Pharmaceuti  ,Healthcare,Biotechnology,40.93B,263.20M,0.20%,262.26M,252.62M,S&P 500,2.10,107.0,108120,19.33
2017-03-17,AVXS,Avexis Inc.  ,Healthcare,Biotechnology,477.79M,-29.00M,9.20%,22.40M,20.83M,-,0.00,81.54,133760,12.04
2017-03-17,ABUS,Arbutus Biopharma  ,Healthcare,Biotechnology,80.25M,-100.00M,,56.12M,35.31M,-,6.81,3.25,76390,14.04
2017-03-29,RH,RH  ,Services,Home Furnishing Stores,1.62B,11.40M,10.70%,20.80M,18.78M,185.89,7.89,44.1,688300,16.05
2017-03-29,VRTX,Vertex Pharmaceuti  ,Healthcare,Biotechnology,40.93B,263.20M,0.20%,262.26M,252.62M,S&P 500,2.10,107.0,108120,19.33
2017-04-04,GBR,New Concept Energy  ,Basic Materials,Independent Oil & Gas,3.55M,0.00M,,2.05M,1.95M,-,0.89,2.3,125390,29.94
2017-04-04,PRTK,Paratek Pharmaceut  ,Healthcare,Biotechnology,690.35M,-95.90M,1.60%,28.12M,27.57M,-,3.30,24.6,620690,32.26
2017-04-04,GBR,New Concept Energy  ,Basic Materials,Independent Oil & Gas,3.55M,0.00M,,2.05M,1.95M,-,0.89,2.3,125390,29.94
2017-04-04,PRTK,Paratek Pharmaceut  ,Healthcare,Biotechnology,690.35M,-95.90M,1.60%,28.12M,27.57M,-,3.30,24.6,620690,32.26
2017-03-29,IDXG,Interpace Diagnost  ,Services,Business Services,28.86M,-5.30M,0.90%,21.38M,21.38M,-,0.94,2.78,74910,11.2
2017-03-30,EXTR,Extreme Networks I  ,Technology,Networking & Communication Devices,1.18B,-8.50M,1.30%,108.83M,108.62M,-,1.69,7.56,43530,17.03
2017-03-30,IDXG,Interpace Diagnost  ,Services,Business Services,28.86M,-5.30M,0.90%,21.38M,21.38M,-,0.94,3.32,759140,30.2
2017-04-06,YUMC,Yum China Holdings  ,Services,Restaurants,15.61B,532.00M,0.10%,387.53M,383.91M,-,1.09,31.0,756340,10.01
2017-04-06,URRE,Uranium Resources  ,Basic Materials,Industrial Metals & Minerals,44.34M,-19.80M,0.20%,13.90M,13.34M,-,0.55,2.02,57850,13.48
2017-04-06,YUMC,Yum China Holdings  ,Services,Restaurants,15.61B,532.00M,0.10%,387.53M,383.91M,-,1.09,31.0,756340,10.01
2017-04-06,URRE,Uranium Resources  ,Basic Materials,Industrial Metals & Minerals,44.34M,-19.80M,0.20%,13.90M,13.34M,-,0.55,2.02,57850,13.48
2017-04-07,PBF,Pbf Energy Inc. Cl  ,Basic Materials,Oil & Gas Refining & Marketing,3.42B,-87.80M,17.40%,121.69M,100.22M,-,4.02,23.0,27900,12.3
2017-04-07,HTGM,Htg Molecular Diag  ,Healthcare,Medical Laboratories & Research,25.18M,-24.80M,26.87%,10.95M,7.01M,-,0.75,8.4,1160000,16.02
2017-04-07,PBF,Pbf Energy Inc. Cl  ,Basic Materials,Oil & Gas Refining & Marketing,3.42B,-87.80M,17.40%,121.69M,100.22M,-,4.02,23.0,27900,12.3
2017-04-07,HTGM,Htg Molecular Diag  ,Healthcare,Medical Laboratories & Research,25.18M,-24.80M,26.87%,10.95M,7.01M,-,0.75,8.4,1160000,16.02
2017-04-12,NBIX,Neurocrine Bioscie  ,Healthcare,Biotechnology,9.52B,-52.00M,1.10%,89.56M,89.18M,-,5.93,49.1,974850,18.37
2017-04-10,AKRX,Akorn Inc.  ,Healthcare,Drugs - Generic,4.18B,73.10M,2.40%,125.03M,98.79M,57.03,13.42,33.56,489930,12.73
2017-04-10,AKRX,Akorn Inc.  ,Healthcare,Drugs - Generic,4.18B,73.10M,2.40%,125.03M,98.79M,57.03,13.42,33.56,489930,12.73
2017-04-11,SALE,Retailmenot Inc.  ,Services,Marketing Services,553.71M,2.00M,3.30%,47.94M,46.04M,-,0.98,11.5,118470,48.39
2017-03-16,SKLN,Skyline Medical In  ,Healthcare,Medical Instruments & Supplies,12.05M,-5.70M,1.10%,6.41M,5.94M,-,3.21,2.34,162050,12.5
2017-03-08,BIOC,Biocept Inc.  ,Healthcare,Medical Laboratories & Research,9.25M,-21.60M,5.72%,4.04M,3.83M,150.27%,0.87,2.65,467290,17.26
2017-03-08,MFIN,Medallion Financia  ,Financial,Credit Services,157.40M,-42.80M,0.10%,24.71M,20.43M,-,18.50,2.18,29740,29.76
2017-02-15,FIG,Fortress Investmen  ,Financial,Asset Management,3.05B,60.80M,2.20%,381.49M,194.55M,-,0.14,7.75,553080,24.8
2017-02-15,FNCX,Function(x) Inc.  ,Technology,Multimedia & Graphics Software,4.18M,-,-,29.89M,1.28M,-29.65%,3.54,3.1,31740,13.97
2017-03-08,BIOC,Biocept Inc.  ,Healthcare,Medical Laboratories & Research,9.25M,-21.60M,5.72%,4.04M,3.83M,150.27%,0.87,2.65,467290,17.26
2017-03-08,MFIN,Medallion Financia  ,Financial,Credit Services,157.40M,-42.80M,0.10%,24.71M,20.43M,-,18.50,2.18,29740,29.76
2017-03-09,ELF,e.l.f. Beauty Inc.  ,Consumer Goods,Personal Products,885.56M,18.60M,4.30%,45.39M,35.87M,-,13.18,29.65,183450,17.19
2017-03-09,APRI,Apricus Bioscience  ,Healthcare,Biotechnology,6.25M,-10.60M,2.20%,23.13M,22.84M,-,1.34,3.76,284340,35.25
2017-02-14,ZAIS,Zais Group Holding  ,Financial,Asset Management,42.83M,-18.70M,3.50%,13.47M,12.09M,-,0.39,2.27,27010,10.73
2017-02-14,GIG,Gigpeak Inc.  ,Technology,Semiconductor Equipment & Materials,42.11M,-,17.76%,4.15M,0.68M,-,0.09,3.04,764890,12.18
2017-02-14,RELV,"Reliv"" Internation  ",Consumer Goods,Food - Major Diversified,8.69M,-1.50M,,1.81M,1.21M,-,0.60,6.56,27500,13.1
2017-02-09,PAYC,Paycom Software In  ,Technology,Application Software,4.46B,54.60M,8.90%,59.41M,47.36M,80.87,23.95,50.0,169280,10.47
2017-02-08,MYGN,Myriad Genetics In  ,Services,Research Services,2.72B,176.20M,0.30%,72.37M,71.76M,-2.34%,43.98,17.55,95690,13.96
2017-02-08,COHR,Coherent Inc.  ,Technology,Scientific & Technical Instruments,4.80B,87.50M,0.20%,24.33M,24.26M,-,3.79,183.99,30160,14.04
2017-02-09,VNCE,Vince Holding Corp.  ,Consumer Goods,Textile - Apparel Clothing,104.78M,-178.10M,0.45%,11.92M,11.56M,-,5.48,2.6,30570,15.56
2017-02-09,OSUR,Orasure Technologi  ,Healthcare,Medical Instruments & Supplies,969.49M,29.70M,2.70%,56.17M,55.89M,-,4.16,10.25,33430,15.82
2017-02-08,MYGN,Myriad Genetics In  ,Services,Research Services,2.72B,176.20M,0.30%,72.37M,71.76M,-2.34%,43.98,17.55,95690,13.96
2017-02-07,RGSE,Real Goods Solar I  ,Industrial Goods,General Building Materials,7.12M,-26.10M,0.20%,7.78M,7.02M,-,3.42,2.86,121870,16.73
2017-02-08,COHR,Coherent Inc.  ,Technology,Scientific & Technical Instruments,4.80B,87.50M,0.20%,24.33M,24.26M,-,3.79,183.99,30160,14.04
2017-02-14,SINO,Sino-global Shippi  ,Services,Air Delivery & Freight Services,14.58M,-1.00M,20.80%,14.97M,10.20M,-,3.30,5.4,553090,14.89
2017-02-15,FNCX,Function(x) Inc.  ,Technology,Multimedia & Graphics Software,4.18M,-,-,29.89M,1.28M,-29.65%,3.54,3.1,31740,13.97
2017-02-15,FIG,Fortress Investmen  ,Financial,Asset Management,3.05B,60.80M,2.20%,381.49M,194.55M,-,0.14,7.75,553080,24.8
2017-01-31,SANM,Sanmina Corporation  ,Technology,Diversified Electronics,1.97B,196.70M,1.50%,83.18M,82.03M,-,2.57,41.45,63080,11.28
2017-01-26,AVGR,Avinger Inc.  ,Healthcare,Medical Appliances & Equipment,3.31M,-43.10M,0.10%,10.13M,10.13M,-,2.53,3.0,320340,30.22
2017-01-26,AVGR,Avinger Inc.  ,Healthcare,Medical Appliances & Equipment,3.31M,-43.10M,0.10%,10.13M,10.13M,-,2.53,3.0,320340,30.22
2017-01-31,DCIX,Diana Containershi  ,Services,Shipping,3.60M,11.90M,5.10%,0.78M,0.72M,0.00,0.21,2.7,38180,13.45
2017-01-31,SINO,Sino-global Shippi  ,Services,Air Delivery & Freight Services,14.58M,-1.00M,20.80%,14.97M,10.20M,-,3.30,2.86,26300,13.94
2017-01-30,PULM,Pulmatrix Inc.  ,Healthcare,Biotechnology,11.35M,-23.40M,1.40%,22.29M,20.74M,-,4.15,3.74,208050,10.98
2017-01-30,PULM,Pulmatrix Inc.  ,Healthcare,Biotechnology,11.35M,-23.40M,1.40%,22.29M,20.74M,-,4.15,3.74,208050,10.98
2017-01-19,SSH,Sunshine Heart Inc  ,Healthcare,Medical Appliances & Equipment,1.58M,-15.80M,1.20%,1.77M,1.48M,-46.39%,0.71,8.8,320460,15.03
2017-01-19,SSH,Sunshine Heart Inc  ,Healthcare,Medical Appliances & Equipment,1.58M,-15.80M,1.20%,1.77M,1.48M,-46.39%,0.71,8.8,320460,15.03
2017-01-31,DRYS,Dryships Inc.  ,Services,Shipping,580.11M,20.50M,,94.48M,20.99M,-,2.90,3.44,5890000,39.84
2017-01-19,CSX,Csx Corporation  ,Services,Railroads,49.15B,1.79B,0.10%,893.56M,848.51M,S&P 500,2.36,41.45,1250000,12.39
2017-01-19,CSX,Csx Corporation  ,Services,Railroads,49.15B,1.79B,0.10%,893.56M,848.51M,S&P 500,2.36,41.45,1250000,12.39
2017-02-03,FTNT,Fortinet Inc.  ,Technology,Application Software,7.11B,32.20M,10.90%,181.70M,146.85M,-,2.81,36.5,435620,10.01
2017-02-03,NAKD,Naked Brand Group  ,Consumer Goods,Textile - Apparel Clothing,19.89M,-10.80M,9.70%,10.93M,9.16M,-,1.21,3.09,253560,11.15
2017-02-03,MDCO,The Medicines Comp  ,Healthcare,Drugs - Generic,5.53B,-238.20M,0.50%,80.67M,76.91M,31.88%,9.92,43.48,154340,14.42
2017-02-03,DATA,Tableau Software I  ,Technology,Application Software,5.56B,-153.50M,1.20%,78.01M,59.16M,-,3.94,56.39,604640,16.97
2017-02-03,PXLW,Pixelworks Inc.  ,Technology,Semiconductor - Integrated Circuits,156.70M,-3.40M,5.60%,22.91M,20.54M,-,2.98,3.75,155690,19.43
2017-02-03,FTNT,Fortinet Inc.  ,Technology,Application Software,7.11B,32.20M,10.90%,181.70M,146.85M,-,2.81,36.5,435620,10.01
2017-02-03,NAKD,Naked Brand Group  ,Consumer Goods,Textile - Apparel Clothing,19.89M,-10.80M,9.70%,10.93M,9.16M,-,1.21,3.09,253560,11.15
2017-02-03,MDCO,The Medicines Comp  ,Healthcare,Drugs - Generic,5.53B,-238.20M,0.50%,80.67M,76.91M,31.88%,9.92,43.48,154340,14.42
2017-02-03,DATA,Tableau Software I  ,Technology,Application Software,5.56B,-153.50M,1.20%,78.01M,59.16M,-,3.94,56.39,604640,16.97
2017-02-03,PXLW,Pixelworks Inc.  ,Technology,Semiconductor - Integrated Circuits,156.70M,-3.40M,5.60%,22.91M,20.54M,-,2.98,3.75,155690,19.43
2017-01-16,BIDU,Baidu Inc.  ,Technology,Internet Information Providers,89.69B,2.92B,15.60%,356.02M,252.85M,-,1.58,200.17,36990,13.42
2016-12-22,CVRR,Cvr Refining LP Re  ,Basic Materials,Oil & Gas Refining & Marketing,1.34B,26.80M,,149.94M,50.05M,-,3.86,10.05,105950,10.44
2017-01-16,BIDU,Baidu Inc.  ,Technology,Internet Information Providers,89.69B,2.92B,15.60%,356.02M,252.85M,-,1.58,200.17,36990,13.42
2016-12-15,ATHN,athenahealth Inc.  ,Technology,Healthcare Information Services,5.65B,20.40M,1.30%,39.60M,39.40M,281.02,12.14,113.06,120130,19.81
2016-12-15,PIR,Pier 1 Imports Inc.  ,Services,"Specialty Retail, Other",403.03M,30.10M,4.30%,81.75M,78.08M,13.25,6.72,7.92,722540,22.22
2016-12-15,ATHN,athenahealth Inc.  ,Technology,Healthcare Information Services,5.65B,20.40M,1.30%,39.60M,39.40M,281.02,12.14,113.06,120130,19.81
2016-12-15,PIR,Pier 1 Imports Inc.  ,Services,"Specialty Retail, Other",403.03M,30.10M,4.30%,81.75M,78.08M,13.25,6.72,7.92,722540,22.22
2016-12-22,VCEL,Vericel Corporation  ,Healthcare,Biotechnology,705.96M,-17.40M,0.70%,42.40M,41.15M,-,7.08,3.25,97920,12.07
2017-01-06,ETRM,Enteromedics Inc.  ,Healthcare,Medical Appliances & Equipment,35.95M,-23.30M,14.20%,7.05M,6.89M,-,1.16,4.5,266870,13.35
2016-12-06,TXMD,Therapeuticsmd Inc.  ,Healthcare,Drug Manufacturers - Major,1.41B,-89.90M,9.60%,199.90M,154.94M,5.85%,29.42,7.52,4270000,21.88
2016-12-06,KEY,Keycorp  ,Financial,Regional - Midwest Banks,19.86B,753.00M,0.10%,1.08B,1.08B,S&P 500,1.23,24.88,752550,40.57
2016-12-07,PLAY,"Dave & Buster""s En  ",Services,Restaurants,1.98B,71.20M,0.50%,41.66M,41.35M,-,5.08,53.9,594920,12.29
2016-12-08,LULU,lululemon athletic  ,Consumer Goods,Textile - Apparel Clothing,10.80B,263.60M,0.20%,136.16M,106.73M,-,10.11,68.3,2000000,14.14
2016-12-08,TLRD,Tailored Brands In  ,Services,Apparel Stores,1.32B,-1002.70M,0.80%,48.66M,48.11M,41.34%,7.82,23.26,139630,22.87
2016-12-08,VYGR,Voyager Therapeuti  ,Healthcare,Biotechnology,617.43M,-32.20M,5.60%,26.03M,24.57M,-,0.00,19.2,25590,39.84
2016-12-06,TXMD,Therapeuticsmd Inc.  ,Healthcare,Drug Manufacturers - Major,1.41B,-89.90M,9.60%,199.90M,154.94M,5.85%,29.42,7.52,4270000,21.88
2016-12-02,FIVE,Five Below Inc.  ,Services,"Specialty Retail, Other",2.18B,49.00M,1.90%,54.55M,52.70M,1.53%,8.65,44.25,155010,10.96
2016-12-02,FIVE,Five Below Inc.  ,Services,"Specialty Retail, Other",2.18B,49.00M,1.90%,54.55M,52.70M,1.53%,8.65,44.25,155010,10.96
2016-12-06,KEY,Keycorp  ,Financial,Regional - Midwest Banks,19.86B,753.00M,0.10%,1.08B,1.08B,S&P 500,1.23,24.88,752550,40.57
2016-12-08,LULU,lululemon athletic  ,Consumer Goods,Textile - Apparel Clothing,10.80B,263.60M,0.20%,136.16M,106.73M,-,10.11,68.3,2000000,14.14
2016-12-08,TLRD,Tailored Brands In  ,Services,Apparel Stores,1.32B,-1002.70M,0.80%,48.66M,48.11M,41.34%,7.82,23.26,139630,22.87
2016-12-08,VYGR,Voyager Therapeuti  ,Healthcare,Biotechnology,617.43M,-32.20M,5.60%,26.03M,24.57M,-,0.00,19.2,25590,39.84
2016-11-23,NSPR,Inspiremd Inc.  ,Healthcare,Medical Appliances & Equipment,2.09M,-8.80M,0.70%,7.58M,1.33M,-,-,3.49,25700,10.44
2016-11-23,NSPR,Inspiremd Inc.  ,Healthcare,Medical Appliances & Equipment,2.09M,-8.80M,0.70%,7.58M,1.33M,-,-,3.49,25700,10.44
2016-11-01,RYAM,Rayonier Advanced  ,Basic Materials,Chemicals - Major Diversified,593.28M,35.20M,1.70%,43.72M,42.43M,-,10.10,14.3,50030,10.6
2016-11-01,CTL,Centurylink Inc.  ,Technology,Telecom Services - Domestic,14.56B,922.00M,0.50%,543.23M,542.90M,S&P 500,10.08,30.39,77690,14.33
2016-11-01,OCLS,Oculus Innovative  ,Healthcare,Drugs - Generic,20.52M,-8.80M,0.50%,20.94M,20.87M,-,1.50,6.8,60930,70.0
2016-11-02,HCP,Hcp Inc.  ,Financial,REIT - Healthcare Facilities,16.55B,-560.60M,0.20%,467.86M,465.55M,S&P 500,3.61,34.95,236620,14.7
2016-11-02,AVXS,Avexis Inc.  ,Healthcare,Biotechnology,440.61M,-29.00M,9.20%,22.40M,21.04M,-,0.00,57.0,191930,18.73
2016-11-02,HT,Hersha Hospitality  ,Financial,REIT - Hotel/Motel,1.36B,54.80M,1.80%,53.07M,51.23M,-1.07%,27.34,24.89,37300,44.3
2016-11-09,SAEX,Saexploration Hold  ,Basic Materials,Oil & Gas Equipment & Services,87.92M,1.40M,0.20%,9.34M,4.49M,-,0.11,7.7,118600,22.42
2016-11-09,SAEX,Saexploration Hold  ,Basic Materials,Oil & Gas Equipment & Services,87.92M,1.40M,0.20%,9.34M,4.49M,-,0.11,7.7,118600,22.42
2016-11-11,NVDA,Nvidia Corporation  ,Technology,Semiconductor - Specialized,51.56B,903.00M,0.70%,552.29M,506.63M,S&P 500,6.27,77.6,4410000,14.5
2016-11-11,BBD,Banco Bradesco Sa  ,Financial,Foreign Regional Banks,59.21B,-,-,6.09B,4.28B,-,0.92,9.82,29070,14.72
2016-10-25,GBT,Global Blood Thera  ,Healthcare,Biotechnology,1.46B,-70.80M,3.90%,40.35M,39.41M,-,3.83,20.0,158190,12.68
2016-10-25,SAEX,Saexploration Hold  ,Basic Materials,Oil & Gas Equipment & Services,18.14M,-129.90M,6.20%,3.10M,2.07M,-,0.47,10.67,436480,42.65
2016-10-25,GBT,Global Blood Thera  ,Healthcare,Biotechnology,1.46B,-70.80M,3.90%,40.35M,39.41M,-,3.83,20.0,158190,12.68
2016-10-25,SAEX,Saexploration Hold  ,Basic Materials,Oil & Gas Equipment & Services,18.14M,-129.90M,6.20%,3.10M,2.07M,-,0.47,10.67,436480,42.65
2016-10-21,PFPT,Proofpoint Inc.  ,Technology,Application Software,3.14B,-119.70M,1.80%,42.56M,40.49M,-,9.66,77.15,100530,10.56
2016-10-21,ALKS,Alkermes plc  ,Healthcare,Biotechnology,5.29B,-139.30M,0.70%,155.19M,153.58M,-,4.68,62.0,2320000,42.5
2016-10-21,CERC,Cerecor Inc.  ,Healthcare,Biotechnology,5.19M,-13.30M,-,6.22M,-,-,1.47,5.14,77020,53.43
2016-10-26,MAS,Masco Corporation  ,Industrial Goods,General Building Materials,10.46B,352.00M,0.40%,332.00M,329.11M,S&P 500,3.07,33.57,75130,10.48
2016-10-26,LKSD,Lsc Communications  ,Services,Business Services,61.72M,-136.00M,2.80%,33.91M,32.87M,-,8.18,29.36,245040,18.01
2016-10-26,MAS,Masco Corporation  ,Industrial Goods,General Building Materials,10.46B,352.00M,0.40%,332.00M,329.11M,S&P 500,3.07,33.57,75130,10.48
2016-10-26,LKSD,Lsc Communications  ,Services,Business Services,61.72M,-136.00M,2.80%,33.91M,32.87M,-,8.18,29.36,245040,18.01
2016-10-26,MAS,Masco Corporation  ,Industrial Goods,General Building Materials,10.46B,352.00M,0.40%,332.00M,329.11M,S&P 500,3.07,33.57,75130,10.48
2016-10-26,LKSD,Lsc Communications  ,Services,Business Services,61.72M,-136.00M,2.80%,33.91M,32.87M,-,8.18,29.36,245040,18.01
2016-10-27,OCN,Ocwen Financial Co  ,Financial,Mortgage Investment,607.85M,-199.80M,0.90%,268.96M,93.92M,-,3.25,4.04,215430,14.77
2016-10-27,RDC,Rowan Companies pl  ,Basic Materials,Oil & Gas Drilling & Exploration,4.62B,283.54M,0.35%,126.22M,125.85M,S&P 500,2.89,16.39,69170,16.32
2016-10-28,AMCC,Applied Micro Circ  ,Technology,Semiconductor - Integrated Circuits,409.10M,-13.80M,1.80%,79.13M,77.85M,-,8.80,6.55,56430,10.27
2016-10-28,AMCC,Applied Micro Circ  ,Technology,Semiconductor - Integrated Circuits,409.10M,-13.80M,1.80%,79.13M,77.85M,-,8.80,6.55,56430,10.27
2016-10-18,NFLX,Netflix Inc.  ,Services,CATV Systems,55.75B,163.10M,1.82%,431.57M,416.12M,S&P 500,3.05,119.26,8260000,19.5
2016-10-12,IPCI,Intellipharmaceuti  ,Healthcare,Drug Delivery,76.41M,-10.00M,,30.81M,24.42M,-,12.44,3.25,193830,14.84
2016-10-12,NWL,Newell Brands Inc.  ,Consumer Goods,Housewares & Accessories,25.34B,528.50M,0.80%,479.19M,478.52M,S&P 500,4.94,60.15,197530,19.49
2016-10-12,IPCI,Intellipharmaceuti  ,Healthcare,Drug Delivery,76.41M,-10.00M,,30.81M,24.42M,-,12.44,3.25,193830,14.84
2016-10-12,NWL,Newell Brands Inc.  ,Consumer Goods,Housewares & Accessories,25.34B,528.50M,0.80%,479.19M,478.52M,S&P 500,4.94,60.15,197530,19.49
2016-10-20,DRWI,Dragonwave Inc  ,Technology,Communication Equipment,10.40M,-21.30M,4.00%,7.17M,5.48M,-,0.75,3.43,284540,55.2
2016-10-21,PFPT,Proofpoint Inc.  ,Technology,Application Software,3.14B,-119.70M,1.80%,42.56M,40.49M,-,9.66,77.15,100530,10.56
2016-10-21,ALKS,Alkermes plc  ,Healthcare,Biotechnology,5.29B,-139.30M,0.70%,155.19M,153.58M,-,4.68,62.0,2320000,42.5
2016-10-21,CERC,Cerecor Inc.  ,Healthcare,Biotechnology,5.19M,-13.30M,-,6.22M,-,-,1.47,5.14,77020,53.43
2016-10-10,IPCI,Intellipharmaceuti  ,Healthcare,Drug Delivery,76.41M,-10.00M,,30.81M,24.42M,-,12.44,3.59,44020,50.84
2016-10-10,IPCI,Intellipharmaceuti  ,Healthcare,Drug Delivery,76.41M,-10.00M,,30.81M,24.42M,-,12.44,3.59,44020,50.84
2016-10-10,IPCI,Intellipharmaceuti  ,Healthcare,Drug Delivery,76.41M,-10.00M,,30.81M,24.42M,-,12.44,3.59,44020,50.84
2016-10-05,NWL,Newell Brands Inc.  ,Consumer Goods,Housewares & Accessories,25.34B,528.50M,0.80%,479.19M,478.52M,S&P 500,4.94,59.57,136620,15.45
2016-10-05,NWL,Newell Brands Inc.  ,Consumer Goods,Housewares & Accessories,25.34B,528.50M,0.80%,479.19M,478.52M,S&P 500,4.94,59.57,136620,15.45
2016-10-05,ZUMZ,Zumiez Inc.  ,Services,"Specialty Retail, Other",444.14M,19.80M,0.60%,24.31M,17.11M,3.98%,9.17,20.31,94420,11.17
2016-10-05,SCYX,Scynexis Inc.  ,Healthcare,Drugs - Generic,33.72M,-29.60M,0.90%,15.12M,11.51M,-,0.52,5.6,202690,16.67
2016-10-06,ZUMZ,Zumiez Inc.  ,Services,"Specialty Retail, Other",444.14M,19.80M,0.60%,24.31M,17.11M,3.98%,9.17,20.42,116220,11.77
2016-10-06,SCYX,Scynexis Inc.  ,Healthcare,Drugs - Generic,33.72M,-29.60M,0.90%,15.12M,11.51M,-,0.52,5.75,255870,19.79
2016-09-27,KITE,Kite Pharma Inc.  ,Healthcare,Biotechnology,3.82B,-267.10M,0.80%,51.64M,44.66M,30.04%,8.15,60.61,1310000,10.24
2016-09-27,ARRY,Array Biopharma In  ,Healthcare,Biotechnology,1.93B,-99.60M,0.10%,165.84M,165.84M,-,4.17,7.34,1550000,11.04
2016-09-28,CFRX,Contrafect Corpora  ,Healthcare,Biotechnology,145.86M,3.50M,0.30%,138.91M,133.83M,-,0.29,2.65,31550,14.72
2016-09-23,IMPV,Imperva Inc.  ,Technology,Application Software,1.39B,-55.90M,5.00%,26.58M,22.40M,-,4.80,51.0,203360,17.54
2016-09-23,IMPV,Imperva Inc.  ,Technology,Application Software,1.39B,-55.90M,5.00%,26.58M,22.40M,-,4.80,51.0,203360,17.54
2016-09-22,OCRX,Ocera Therapeutics  ,Healthcare,Biotechnology,43.07M,-28.80M,0.30%,22.79M,22.68M,-,0.26,2.88,31800,20.0
2016-09-23,MIFI,Novatel Wireless I  ,Technology,Diversified Communication Services,81.94M,-42.30M,20.20%,53.21M,23.19M,-3.14%,16.77,3.77,348690,23.61
2016-09-23,MIFI,Novatel Wireless I  ,Technology,Diversified Communication Services,81.94M,-42.30M,20.20%,53.21M,23.19M,-3.14%,16.77,3.77,348690,23.61
2016-09-28,SEED,Origin Agritech Li  ,Consumer Goods,Farm Products,38.26M,-9.30M,,23.05M,17.44M,-,0.96,3.15,320300,35.19
2016-09-28,CFRX,Contrafect Corpora  ,Healthcare,Biotechnology,145.86M,3.50M,0.30%,138.91M,133.83M,-,0.29,2.65,31550,14.72
2016-09-28,SEED,Origin Agritech Li  ,Consumer Goods,Farm Products,38.26M,-9.30M,,23.05M,17.44M,-,0.96,3.15,320300,35.19
2016-09-29,AEGR,Aegerion Pharmaceu  ,Healthcare,Biotechnology,90.36M,-158.70M,17.05%,29.53M,28.42M,-,9.14,3.49,261200,40.16
2016-09-30,AUPH,Aurinia Pharmaceut  ,Healthcare,Biotechnology,207.94M,-,-,38.79M,22.51M,-,1.04,3.0,653580,13.64
2016-09-30,AUPH,Aurinia Pharmaceut  ,Healthcare,Biotechnology,207.94M,-,-,38.79M,22.51M,-,1.04,3.0,653580,13.64
2016-09-16,DEPO,Depomed Inc.  ,Healthcare,Drug Manufacturers - Other,405.84M,-94.50M,0.10%,64.83M,62.82M,-,6.32,23.75,28150,11.82
2016-09-14,SRPT,Sarepta Therapeuti  ,Healthcare,Biotechnology,1.75B,-123.40M,6.40%,56.86M,51.33M,-13.92%,5.37,28.72,319980,12.19
2016-09-14,SRPT,Sarepta Therapeuti  ,Healthcare,Biotechnology,1.75B,-123.40M,6.40%,56.86M,51.33M,-13.92%,5.37,28.72,319980,12.19
2016-09-15,ACRX,Acelrx Pharmaceuti  ,Healthcare,Medical Appliances & Equipment,120.30M,-43.20M,0.20%,46.27M,44.43M,-,18.63,3.75,55240,14.33
2016-09-15,OKS,Oneok Partners L.p.  ,Basic Materials,Oil & Gas Pipelines,15.31B,378.40M,0.10%,285.83M,171.32M,-,3.21,41.3,25700,10.63
2016-09-15,ACTG,Acacia Research Co  ,Services,Business Services,179.89M,-29.70M,2.00%,52.91M,48.56M,-,4.74,6.98,37070,14.99
2016-09-15,AERI,Aerie Pharmaceutic  ,Healthcare,Drug Manufacturers - Major,2.31B,-107.40M,0.10%,35.70M,35.55M,-,6.04,34.46,2260000,63.09
2016-09-16,LPTH,Lightpath Technolo  ,Industrial Goods,Industrial Electrical Equipment,30.29M,-3.50M,0.80%,25.67M,19.96M,-,1.66,2.3,73080,12.2
2016-09-16,DEPO,Depomed Inc.  ,Healthcare,Drug Manufacturers - Other,405.84M,-94.50M,0.10%,64.83M,62.82M,-,6.32,23.75,28150,11.82
2016-09-16,LPTH,Lightpath Technolo  ,Industrial Goods,Industrial Electrical Equipment,30.29M,-3.50M,0.80%,25.67M,19.96M,-,1.66,2.3,73080,12.2
2016-09-19,GG,Goldcorp Inc.  ,Basic Materials,Gold,11.20B,252.00M,0.20%,858.33M,858.33M,-,1.54,17.19,220220,10.38
2016-09-19,ATEC,Alphatec Holdings  ,Healthcare,Medical Instruments & Supplies,34.41M,-26.10M,5.50%,8.56M,8.34M,-,1.67,7.0,26230,10.76
2016-09-19,GG,Goldcorp Inc.  ,Basic Materials,Gold,11.20B,252.00M,0.20%,858.33M,858.33M,-,1.54,17.19,220220,10.38
2016-09-19,ATEC,Alphatec Holdings  ,Healthcare,Medical Instruments & Supplies,34.41M,-26.10M,5.50%,8.56M,8.34M,-,1.67,7.0,26230,10.76
2016-09-07,AAOI,Applied Optoelectr  ,Technology,Semiconductor - Integrated Circuits,189.61M,10.10M,5.40%,16.78M,15.64M,1.35%,8.90,21.1,73520,21.19
2016-09-02,WLL,Whiting Petroleum  ,Basic Materials,Oil & Gas Drilling & Exploration,2.62B,-2284.80M,0.80%,217.73M,207.80M,6.75%,1.76,8.17,53220,14.91
2016-08-22,CYCC,Cyclacel Pharmaceu  ,Healthcare,Biotechnology,28.72M,-12.50M,17.53%,4.30M,3.75M,-,0.58,8.05,42860,16.16
2016-08-20,CYCC,Cyclacel Pharmaceu  ,Healthcare,Biotechnology,28.72M,-12.50M,17.53%,4.30M,3.75M,-,0.58,8.05,42860,16.16
2016-08-25,BLDP,Ballard Power Syst  ,Industrial Goods,Industrial Electrical Equipment,514.30M,-21.10M,0.50%,176.13M,156.91M,-,2.89,2.19,37400,10.05
2016-08-19,NWY,New York & Company  ,Services,Apparel Stores,100.48M,-15.80M,2.10%,49.50M,-,-,11.24,2.55,55070,24.39
2016-08-19,NWY,New York & Company  ,Services,Apparel Stores,100.48M,-15.80M,2.10%,49.50M,-,-,11.24,2.55,55070,24.39
2016-08-24,OSUR,Orasure Technologi  ,Healthcare,Medical Instruments & Supplies,969.49M,29.70M,2.70%,56.17M,55.89M,-,4.16,7.78,329960,11.14
2016-08-24,LCI,Lannett Co Inc  ,Healthcare,Drugs - Generic,264.59M,-273.90M,6.00%,38.57M,28.25M,-19.67%,15.16,37.1,159600,14.79
2016-08-24,URRE,Uranium Resources  ,Basic Materials,Industrial Metals & Minerals,44.34M,-19.80M,0.20%,13.90M,13.34M,-,0.55,2.23,515250,68.94
2016-08-24,OSUR,Orasure Technologi  ,Healthcare,Medical Instruments & Supplies,969.49M,29.70M,2.70%,56.17M,55.89M,-,4.16,7.78,329960,11.14
2016-08-24,LCI,Lannett Co Inc  ,Healthcare,Drugs - Generic,264.59M,-273.90M,6.00%,38.57M,28.25M,-19.67%,15.16,37.1,159600,14.79
2016-08-24,URRE,Uranium Resources  ,Basic Materials,Industrial Metals & Minerals,44.34M,-19.80M,0.20%,13.90M,13.34M,-,0.55,2.23,515250,68.94
2016-08-25,ENDP,Endo International  ,Healthcare,Drug Manufacturers - Other,3.09B,553.40M,0.20%,234.37M,221.48M,S&P 500,2.62,24.62,77080,11.46
2016-08-25,WDAY,Workday Inc.  ,Technology,Application Software,16.67B,-408.30M,1.10%,201.00M,122.78M,-,7.28,89.2,843200,11.99
2016-08-25,GES,Guess? Inc.  ,Services,Apparel Stores,952.16M,22.20M,1.20%,81.59M,56.64M,-,5.41,17.24,415110,15.7
2016-08-26,PSTG,Pure Storage Inc.  ,Technology,Data Storage Devices,5.25B,-178.40M,4.20%,254.91M,216.89M,-,5.06,13.2,550610,11.58
2016-08-26,PSTG,Pure Storage Inc.  ,Technology,Data Storage Devices,5.25B,-178.40M,4.20%,254.91M,216.89M,-,5.06,13.2,550610,11.58
2016-08-30,RIGL,Rigel Pharmaceutic  ,Healthcare,Biotechnology,348.23M,-46.50M,0.25%,169.87M,167.14M,-,7.57,2.93,106000,10.98
2016-08-17,URBN,Urban Outfitters I  ,Services,Apparel Stores,2.22B,200.50M,15.10%,112.56M,75.27M,11.55,4.54,34.9,1120000,11.72
2016-08-17,URBN,Urban Outfitters I  ,Services,Apparel Stores,2.22B,200.50M,15.10%,112.56M,75.27M,11.55,4.54,34.9,1120000,11.72
2016-08-17,MT,Arcelormittal  ,Basic Materials,Steel & Iron,24.65B,-5310.00M,,2.81B,1.88B,-,0.58,7.2,311310,12.52
2016-08-15,NBY,Novabay Pharmaceut  ,Healthcare,Biotechnology,40.66M,7.00M,24.63%,16.94M,5.14M,-,22.58,4.75,49120,14.73
2016-08-18,RPTP,Raptor Pharmaceuti  ,Healthcare,Biotechnology,783.50M,-87.20M,1.00%,87.25M,80.00M,-,8.34,7.65,86790,10.87
2016-08-15,KGJI,Kingold Jewelry In  ,Basic Materials,Gold,101.19M,56.40M,,62.46M,45.19M,-,7.28,3.05,97720,48.78
2016-08-15,NBY,Novabay Pharmaceut  ,Healthcare,Biotechnology,40.66M,7.00M,24.63%,16.94M,5.14M,-,22.58,4.75,49120,14.73
2016-08-15,KGJI,Kingold Jewelry In  ,Basic Materials,Gold,101.19M,56.40M,,62.46M,45.19M,-,7.28,3.05,97720,48.78
2016-08-14,NBY,Novabay Pharmaceut  ,Healthcare,Biotechnology,40.66M,7.00M,24.63%,16.94M,5.14M,-,22.58,4.75,49120,14.73
2016-08-11,KURA,Kura Oncology Inc.  ,Healthcare,Biotechnology,574.76M,-59.80M,11.50%,35.24M,30.78M,-,12.46,6.05,58630,38.76
2016-08-09,REN,Resolute Energy Co  ,Basic Materials,Independent Oil & Gas,377.74M,-397.20M,2.70%,16.67M,12.81M,-,0.76,9.75,78010,16.77
2016-08-09,HIIQ,Health Insurance I  ,Healthcare,Health Care Plans,242.54M,4.80M,10.60%,13.29M,6.36M,-,2.51,5.27,194000,31.75
2016-08-10,YELP,Yelp Inc. Class A  ,Technology,Internet Information Providers,3.04B,-45.30M,1.30%,78.23M,66.61M,-,2.11,36.15,1470000,10.75
2016-08-10,OCN,Ocwen Financial Co  ,Financial,Mortgage Investment,607.85M,-199.80M,0.90%,268.96M,93.92M,-,3.25,2.97,117850,11.65
2016-08-10,CLNE,Clean Energy Fuels  ,Utilities,Gas Utilities,373.21M,46.10M,10.20%,152.33M,134.97M,-,5.58,3.44,2060000,18.21
2016-08-11,KURA,Kura Oncology Inc.  ,Healthcare,Biotechnology,574.76M,-59.80M,11.50%,35.24M,30.78M,-,12.46,6.05,58630,38.76
2016-08-12,JWN,Nordstrom Inc.  ,Services,Apparel Stores,7.66B,333.00M,7.80%,167.61M,123.77M,1.53%,8.21,52.7,1380000,10.81
2016-08-12,RUN,Sunrun Inc.  ,Technology,Semiconductor - Specialized,736.07M,91.30M,7.00%,103.38M,92.02M,8.22,16.44,6.25,204470,15.53
2016-08-12,DK,Delek US Holdings  ,Basic Materials,Oil & Gas Refining & Marketing,794.45M,6.30M,1.30%,62.31M,51.97M,-,3.25,17.69,72860,18.8
2016-08-12,ACIA,Acacia Communicati  ,Technology,Communication Equipment,2.56B,46.00M,,39.10M,31.10M,-,2.12,82.0,433230,21.12
2016-08-12,SGI,Silicon Graphics I  ,Technology,Diversified Computer Systems,163.44M,-30.40M,1.70%,35.53M,35.08M,-,8.32,7.7,467250,28.76
2016-08-14,KGJI,Kingold Jewelry In  ,Basic Materials,Gold,101.19M,56.40M,,62.46M,45.19M,-,7.28,3.05,97720,48.78
2016-08-03,OCLR,Oclaro Inc.  ,Technology,Semiconductor Equipment & Materials,581.99M,-17.10M,2.20%,111.28M,104.19M,1.75%,11.21,6.1,436910,10.11
2016-08-03,ZAGG,Zagg Inc  ,Services,"Specialty Retail, Other",434.45M,2.90M,3.40%,28.12M,26.85M,-,1.79,7.1,133080,11.64
2016-08-03,OMEX,Odyssey Marine Exp  ,Services,Business Services,26.54M,-18.20M,2.70%,7.83M,6.56M,-,6.97,5.15,154330,17.31
2016-08-03,GNW,Genworth Financial  ,Financial,Life Insurance,2.39B,-217.00M,0.16%,498.50M,497.29M,-,2.89,3.26,310290,18.55
2016-08-03,OCLR,Oclaro Inc.  ,Technology,Semiconductor Equipment & Materials,581.99M,-17.10M,2.20%,111.28M,104.19M,1.75%,11.21,6.1,436910,10.11
2016-08-03,ZAGG,Zagg Inc  ,Services,"Specialty Retail, Other",434.45M,2.90M,3.40%,28.12M,26.85M,-,1.79,7.1,133080,11.64
2016-08-03,OMEX,Odyssey Marine Exp  ,Services,Business Services,26.54M,-18.20M,2.70%,7.83M,6.56M,-,6.97,5.15,154330,17.31
2016-08-03,GNW,Genworth Financial  ,Financial,Life Insurance,2.39B,-217.00M,0.16%,498.50M,497.29M,-,2.89,3.26,310290,18.55
2016-08-04,XPO,Xpo Logistics Inc.  ,Services,Air Delivery & Freight Services,11.13B,276.70M,1.63%,128.38M,124.87M,-,7.10,32.18,219150,11.2
2016-08-04,SQ,Square Inc. Class A  ,Technology,Internet Software & Services,4.44B,-212.00M,0.20%,332.75M,28.99M,-6.91%,5.77,11.98,2280000,14.75
2016-08-04,CBMX,Combimatrix Corpor  ,Healthcare,Medical Laboratories & Research,4.11M,-8.10M,4.50%,1.33M,1.11M,-,0.57,3.65,42010,15.14
2016-08-04,OCUL,Ocular Therapeutix  ,Healthcare,Biotechnology,118.72M,-43.00M,2.30%,18.35M,-,-,3.60,5.18,116350,23.33
2016-08-05,PETX,Aratana Therapeuti  ,Healthcare,Biotechnology,203.64M,-21.70M,1.70%,46.60M,46.60M,-,4.42,8.82,25300,10.66
2016-08-05,PACB,Pacific Bioscience  ,Healthcare,Biotechnology,811.40M,-30.90M,0.30%,92.31M,82.44M,-,8.69,9.0,137580,16.13
2016-08-05,RAX,Rackspace Hosting  ,Technology,Information Technology Services,3.80B,153.20M,1.00%,120.57M,105.03M,-,5.07,31.3,1560000,17.89
2016-08-08,FSM,Fortuna Silver Min  ,Basic Materials,Silver,714.92M,-,-,159.22M,158.03M,-,1.14,9.99,40240,13.91
2016-08-08,ISNS,Image Sensing Syst  ,Technology,Application Software,17.49M,0.80M,6.10%,4.94M,2.93M,-,0.28,4.65,190650,92.15
2016-08-08,FSM,Fortuna Silver Min  ,Basic Materials,Silver,714.92M,-,-,159.22M,158.03M,-,1.14,9.99,40240,13.91
2016-08-08,ISNS,Image Sensing Syst  ,Technology,Application Software,17.49M,0.80M,6.10%,4.94M,2.93M,-,0.28,4.65,190650,92.15
2016-08-09,REN,Resolute Energy Co  ,Basic Materials,Independent Oil & Gas,377.74M,-397.20M,2.70%,16.67M,12.81M,-,0.76,9.75,78010,16.77
2016-08-09,HIIQ,Health Insurance I  ,Healthcare,Health Care Plans,242.54M,4.80M,10.60%,13.29M,6.36M,-,2.51,5.27,194000,31.75
2016-08-01,TOPS,Top Ships Inc.  ,Services,Shipping,8.06M,-8.50M,2.40%,3.63M,2.22M,-,2.53,3.64,76940,40.54
2016-08-01,TOPS,Top Ships Inc.  ,Services,Shipping,8.06M,-8.50M,2.40%,3.63M,2.22M,-,2.53,3.64,76940,40.54
2016-08-01,TOPS,Top Ships Inc.  ,Services,Shipping,8.06M,-8.50M,2.40%,3.63M,2.22M,-,2.53,3.64,76940,40.54
2016-07-28,EVOK,Evoke Pharma Inc.  ,Healthcare,Drugs - Generic,35.71M,-7.50M,5.68%,24.13M,23.24M,-,4.42,2.29,227380,11.71
2016-07-28,SEIC,Sei Investments Co  ,Financial,Asset Management,8.80B,355.80M,9.50%,157.77M,124.35M,-,2.89,51.42,51110,12.49
2016-07-28,CRUS,Cirrus Logic Inc.  ,Technology,Semiconductor - Specialized,1.79B,46.40M,0.40%,62.74M,62.41M,-,3.80,47.7,264750,14.2
2016-07-28,ALR,Alere Inc.  ,Healthcare,Medical Laboratories & Research,4.38B,-213.10M,0.50%,87.33M,86.66M,-,0.80,36.1,820450,14.71
2016-07-28,GRPN,Groupon Inc.  ,Technology,Internet Information Providers,2.04B,-177.90M,0.70%,583.54M,398.59M,-,2.96,4.61,2660000,21.96
2016-07-28,OCN,Ocwen Financial Co  ,Financial,Mortgage Investment,607.85M,-199.80M,0.90%,268.96M,93.92M,-,3.25,2.1,276090,22.09
2016-07-29,LYV,Live Nation Entert  ,Services,Entertainment - Diversified,15.03B,5.50M,1.80%,213.15M,139.98M,-,9.93,28.71,56770,11.54
2016-07-29,VALE,Vale S.a. American  ,Basic Materials,Industrial Metals & Minerals,58.06B,-6933.50M,,5.17B,3.23B,-,2.54,6.91,54210,19.06
2016-07-29,DRAM,Dataram Corporation  ,Technology,Data Storage Devices,25.58M,-2.40M,8.20%,4.91M,4.16M,-,3.02,2.23,150000,25.28
2016-07-29,LYV,Live Nation Entert  ,Services,Entertainment - Diversified,15.03B,5.50M,1.80%,213.15M,139.98M,-,9.93,28.71,56770,11.54
2016-07-29,VALE,Vale S.a. American  ,Basic Materials,Industrial Metals & Minerals,58.06B,-6933.50M,,5.17B,3.23B,-,2.54,6.91,54210,19.06
2016-07-29,DRAM,Dataram Corporation  ,Technology,Data Storage Devices,25.58M,-2.40M,8.20%,4.91M,4.16M,-,3.02,2.23,150000,25.28
2016-08-02,OCLR,Oclaro Inc.  ,Technology,Semiconductor Equipment & Materials,581.99M,-17.10M,2.20%,111.28M,104.19M,1.75%,11.21,6.1,430280,10.11
2016-08-02,ZAGG,Zagg Inc  ,Services,"Specialty Retail, Other",434.45M,2.90M,3.40%,28.12M,26.85M,-,1.79,7.1,124680,11.64
2016-08-02,OMEX,Odyssey Marine Exp  ,Services,Business Services,26.54M,-18.20M,2.70%,7.83M,6.56M,-,6.97,5.06,138190,15.26
2016-08-02,GNW,Genworth Financial  ,Financial,Life Insurance,2.39B,-217.00M,0.16%,498.50M,497.29M,-,2.89,3.27,299000,18.91
2016-07-20,MRVL,Marvell Technology  ,Technology,Semiconductor - Integrated Circuits,8.51B,154.20M,0.10%,499.39M,418.14M,-,1.12,10.98,26570,11.47
2016-07-20,PGNX,Progenics Pharmace  ,Healthcare,Biotechnology,429.47M,-41.50M,1.59%,69.95M,68.78M,-,6.82,6.73,765400,36.23
2016-07-20,MRVL,Marvell Technology  ,Technology,Semiconductor - Integrated Circuits,8.51B,154.20M,0.10%,499.39M,418.14M,-,1.12,10.98,26570,11.47
2016-07-20,PGNX,Progenics Pharmace  ,Healthcare,Biotechnology,429.47M,-41.50M,1.59%,69.95M,68.78M,-,6.82,6.73,765400,36.23
2016-07-21,GILD,Gilead Sciences In  ,Healthcare,Biotechnology,88.24B,13.50B,0.40%,1.31B,1.30B,S&P 500,1.27,95.9,179920,10.66
2016-07-21,TOPS,Top Ships Inc.  ,Services,Shipping,14.01M,-2.90M,1.60%,4.35M,1.90M,-,1.06,2.5,83850,12.61
2016-07-22,EYES,Second Sight Medic  ,Healthcare,Medical Appliances & Equipment,80.65M,-28.30M,0.60%,41.15M,24.75M,-,6.33,4.55,62770,11.79
2016-07-22,PFPT,Proofpoint Inc.  ,Technology,Application Software,3.14B,-119.70M,1.80%,42.56M,40.49M,-,9.66,74.67,179550,14.4
2016-07-19,HDSN,Hudson Technologie  ,Industrial Goods,Diversified Machinery,87.81M,-55.70M,0.20%,42.42M,33.64M,-,20.59,5.53,208760,45.91
2016-07-22,CTRP,Ctrip.com Internat  ,Services,Lodging,26.17B,34.60M,4.00%,516.86M,10.24M,-,-,50.39,74640,16.12
2016-07-22,PBYI,Puma Biotechnology  ,Healthcare,Biotechnology,1.36B,-277.90M,11.60%,35.25M,31.82M,25.20%,7.16,41.49,79690,20.19
2016-07-22,EYES,Second Sight Medic  ,Healthcare,Medical Appliances & Equipment,80.65M,-28.30M,0.60%,41.15M,24.75M,-,6.33,4.55,62770,11.79
2016-07-22,PFPT,Proofpoint Inc.  ,Technology,Application Software,3.14B,-119.70M,1.80%,42.56M,40.49M,-,9.66,74.67,179550,14.4
2016-07-22,CTRP,Ctrip.com Internat  ,Services,Lodging,26.17B,34.60M,4.00%,516.86M,10.24M,-,-,50.39,74640,16.12
2016-07-22,PBYI,Puma Biotechnology  ,Healthcare,Biotechnology,1.36B,-277.90M,11.60%,35.25M,31.82M,25.20%,7.16,41.49,79690,20.19
2016-07-26,YHOO,Yahoo! Inc.  ,Technology,Internet Information Providers,45.60B,-214.30M,0.40%,956.49M,883.49M,S&P 500,8.38,42.41,49340,10.68
2016-07-26,CBMX,Combimatrix Corpor  ,Healthcare,Medical Laboratories & Research,16.44M,-3.20M,0.20%,2.91M,2.32M,-,2.22,5.11,40730,40.77
2016-07-27,BLDP,Ballard Power Syst  ,Industrial Goods,Industrial Electrical Equipment,514.30M,-21.10M,0.50%,176.13M,156.91M,-,2.89,2.06,30530,12.57
2016-07-27,BNSO,Bonso Electronics  ,Industrial Goods,Industrial Electrical Equipment,8.11M,2.90M,,5.10M,1.69M,-,1.29,2.12,37890,12.77
2016-07-27,UIS,Unisys Corporation  ,Technology,Information Technology Services,456.02M,-40.50M,1.30%,51.82M,49.98M,-29.60%,18.73,8.99,28910,13.08
2016-07-27,FCX,Freeport-mcmoran I  ,Basic Materials,Copper,16.93B,465.00M,0.20%,1.45B,1.43B,S&P 500,3.18,14.78,158740,16.57
2016-07-27,LOGM,Logmein Inc.  ,Technology,Application Software,5.64B,62.20M,1.60%,51.43M,51.28M,-,6.56,84.0,472580,20.5
2016-07-27,BLDP,Ballard Power Syst  ,Industrial Goods,Industrial Electrical Equipment,514.30M,-21.10M,0.50%,176.13M,156.91M,-,2.89,2.06,30530,12.57
2016-07-27,BNSO,Bonso Electronics  ,Industrial Goods,Industrial Electrical Equipment,8.11M,2.90M,,5.10M,1.69M,-,1.29,2.12,37890,12.77
2016-07-27,UIS,Unisys Corporation  ,Technology,Information Technology Services,456.02M,-40.50M,1.30%,51.82M,49.98M,-29.60%,18.73,8.99,28910,13.08
2016-07-27,FCX,Freeport-mcmoran I  ,Basic Materials,Copper,16.93B,465.00M,0.20%,1.45B,1.43B,S&P 500,3.18,14.78,158740,16.57
2016-07-27,LOGM,Logmein Inc.  ,Technology,Application Software,5.64B,62.20M,1.60%,51.43M,51.28M,-,6.56,84.0,472580,20.5
2016-07-12,BDSI,Biodelivery Scienc  ,Healthcare,Biotechnology,125.82M,5.30M,5.00%,57.19M,51.29M,-,5.85,2.79,63910,11.16
2016-07-12,STX,Seagate Technology  ,Technology,Data Storage Devices,12.44B,513.00M,0.10%,295.24M,291.74M,S&P 500,5.74,27.15,1140000,12.7
2016-07-12,ALNY,Alnylam Pharmaceut  ,Healthcare,Biotechnology,4.27B,-360.60M,0.20%,98.12M,71.05M,-,6.87,75.29,57090,18.63
2016-07-13,FCX,Freeport-mcmoran I  ,Basic Materials,Copper,16.93B,465.00M,0.20%,1.45B,1.43B,S&P 500,3.18,14.78,71890,14.58
2016-07-13,JUNO,Juno Therapeutics  ,Healthcare,Biotechnology,4.33B,-292.60M,1.90%,104.90M,80.51M,-,6.30,34.6,1490000,24.51
2016-07-13,FCX,Freeport-mcmoran I  ,Basic Materials,Copper,16.93B,465.00M,0.20%,1.45B,1.43B,S&P 500,3.18,14.78,71890,14.58
2016-07-13,JUNO,Juno Therapeutics  ,Healthcare,Biotechnology,4.33B,-292.60M,1.90%,104.90M,80.51M,-,6.30,34.6,1490000,24.51
2016-07-13,FCX,Freeport-mcmoran I  ,Basic Materials,Copper,16.93B,465.00M,0.20%,1.45B,1.43B,S&P 500,3.18,14.78,71890,14.58
2016-07-13,JUNO,Juno Therapeutics  ,Healthcare,Biotechnology,4.33B,-292.60M,1.90%,104.90M,80.51M,-,6.30,34.6,1490000,24.51
2016-07-15,FCX,Freeport-mcmoran I  ,Basic Materials,Copper,16.93B,465.00M,0.20%,1.45B,1.43B,S&P 500,3.18,15.58,92980,20.3
2016-07-15,CS,Credit Suisse Grou  ,Financial,Foreign Money Center Banks,30.84B,-2444.70M,3.10%,2.10B,1.93B,-,0.79,12.72,193280,12.8
2016-07-15,VALE,Vale S.a. American  ,Basic Materials,Industrial Metals & Minerals,58.06B,-6933.50M,,5.17B,3.23B,-,2.54,6.91,149000,29.32
2016-07-15,CS,Credit Suisse Grou  ,Financial,Foreign Money Center Banks,30.84B,-2444.70M,3.10%,2.10B,1.93B,-,0.79,12.72,193280,12.8
2016-07-15,FCX,Freeport-mcmoran I  ,Basic Materials,Copper,16.93B,465.00M,0.20%,1.45B,1.43B,S&P 500,3.18,15.58,92980,20.3
2016-07-15,VALE,Vale S.a. American  ,Basic Materials,Industrial Metals & Minerals,58.06B,-6933.50M,,5.17B,3.23B,-,2.54,6.91,149000,29.32
2016-07-15,CS,Credit Suisse Grou  ,Financial,Foreign Money Center Banks,30.84B,-2444.70M,3.10%,2.10B,1.93B,-,0.79,12.72,193280,12.8
2016-07-15,FCX,Freeport-mcmoran I  ,Basic Materials,Copper,16.93B,465.00M,0.20%,1.45B,1.43B,S&P 500,3.18,15.58,92980,20.3
2016-07-15,VALE,Vale S.a. American  ,Basic Materials,Industrial Metals & Minerals,58.06B,-6933.50M,,5.17B,3.23B,-,2.54,6.91,149000,29.32
2016-06-21,GILD,Gilead Sciences In  ,Healthcare,Biotechnology,88.24B,13.50B,0.40%,1.31B,1.30B,S&P 500,1.27,97.04,157780,16.93
2016-06-21,MS,Morgan Stanley  ,Financial,Investment Brokerage - National,79.44B,4.76B,0.20%,1.87B,1.43B,S&P 500,1.68,30.85,70170,19.1
2016-06-23,C,Citigroup Inc.  ,Financial,Money Center Banks,174.38B,13.56B,0.10%,2.88B,2.84B,S&P 500,2.00,47.2,565130,10.59
2016-06-23,BABA,Alibaba Group Hold  ,Services,"Specialty Retail, Other",249.92B,4.80B,-,2.47B,752.26M,-,9.05,90.9,115490,15.46
2016-06-23,NWSA,News Corporation  ,Services,Broadcasting - TV,8.11B,155.00M,0.59%,591.21M,504.17M,S&P 500,2.76,13.66,32630,17.15
2016-06-23,C,Citigroup Inc.  ,Financial,Money Center Banks,174.38B,13.56B,0.10%,2.88B,2.84B,S&P 500,2.00,47.2,565130,10.59
2016-06-23,BABA,Alibaba Group Hold  ,Services,"Specialty Retail, Other",249.92B,4.80B,-,2.47B,752.26M,-,9.05,90.9,115490,15.46
2016-06-23,NWSA,News Corporation  ,Services,Broadcasting - TV,8.11B,155.00M,0.59%,591.21M,504.17M,S&P 500,2.76,13.66,32630,17.15
2016-06-24,TRVN,Trevena Inc.  ,Healthcare,Biotechnology,150.45M,-105.90M,0.40%,60.18M,54.33M,-,5.61,6.85,29510,10.31
2016-06-24,YHOO,Yahoo! Inc.  ,Technology,Internet Information Providers,45.60B,-214.30M,0.40%,956.49M,883.49M,S&P 500,8.38,42.41,670420,12.26
2016-06-24,EMES,Emerge Energy Serv  ,Basic Materials,Oil & Gas Equipment & Services,363.26M,-84.40M,1.30%,23.93M,22.45M,-,4.04,13.0,122350,12.95
2016-06-24,GILD,Gilead Sciences In  ,Healthcare,Biotechnology,88.24B,13.50B,0.40%,1.31B,1.30B,S&P 500,1.27,98.47,299900,18.12
2016-06-24,STAF,Staffing 360 Solut  ,Services,Staffing & Outsourcing Services,8.01M,-11.90M,7.90%,3.76M,2.14M,-,0.93,2.2,49470,28.65
2016-06-24,TRVN,Trevena Inc.  ,Healthcare,Biotechnology,150.45M,-105.90M,0.40%,60.18M,54.33M,-,5.61,6.85,29510,10.31
2016-06-24,YHOO,Yahoo! Inc.  ,Technology,Internet Information Providers,45.60B,-214.30M,0.40%,956.49M,883.49M,S&P 500,8.38,42.41,670420,12.26
2016-06-24,EMES,Emerge Energy Serv  ,Basic Materials,Oil & Gas Equipment & Services,363.26M,-84.40M,1.30%,23.93M,22.45M,-,4.04,13.0,122350,12.95
2016-06-24,GILD,Gilead Sciences In  ,Healthcare,Biotechnology,88.24B,13.50B,0.40%,1.31B,1.30B,S&P 500,1.27,98.47,299900,18.12
2016-06-24,STAF,Staffing 360 Solut  ,Services,Staffing & Outsourcing Services,8.01M,-11.90M,7.90%,3.76M,2.14M,-,0.93,2.2,49470,28.65
2016-06-28,WLL,Whiting Petroleum  ,Basic Materials,Oil & Gas Drilling & Exploration,3.74B,-1264.50M,10.73%,288.37M,282.28M,5.36%,3.11,9.53,70150,11.33
2016-06-28,USO,United States Oil  ,Financial,Exchange Traded Fund,-,-,-,-,-,-,1.44,13.83,578700,23.59
2016-06-29,HSBC,Hsbc Holdings plc.  ,Financial,Foreign Money Center Banks,196.73B,1.94B,0.30%,4.03B,3.95B,-,1.95,33.51,34440,11.18
2016-06-29,FIVN,Five9 Inc.  ,Technology,Application Software,597.08M,-21.80M,11.90%,51.83M,48.93M,-,3.30,13.51,49550,17.38
2016-06-29,WEB,Web.com Group Inc.  ,Technology,Internet Information Providers,1.27B,19.80M,0.90%,50.96M,49.46M,-,5.36,20.2,43810,19.1
2016-07-06,JD,Jd.com Inc.  ,Technology,Internet Information Providers,28.99B,-1453.40M,1.84%,1.40B,69.01M,2.53%,2.58,24.76,62720,18.69
2016-07-06,C,Citigroup Inc.  ,Financial,Money Center Banks,133.72B,14.97B,0.10%,2.93B,2.93B,S&P 500,1.38,51.8,440370,27.02
2016-07-06,JD,Jd.com Inc.  ,Technology,Internet Information Providers,28.99B,-1453.40M,1.84%,1.40B,69.01M,2.53%,2.58,24.76,62720,18.69
2016-07-06,C,Citigroup Inc.  ,Financial,Money Center Banks,133.72B,14.97B,0.10%,2.93B,2.93B,S&P 500,1.38,51.8,440370,27.02
2016-07-06,AAPL,Apple Inc.  ,Consumer Goods,Electronic Equipment,542.43B,50.68B,0.10%,5.48B,5.47B,8.99,1.45,107.68,492480,12.72
2016-07-06,EMKR,Emcore Corporation  ,Technology,Semiconductor - Integrated Circuits,294.17M,6.50M,1.00%,26.62M,25.46M,-,1.81,6.56,42830,15.09
2016-07-06,LEDS,Semileds Corporati  ,Technology,Semiconductor- Memory Chips,26.69M,-11.90M,1.20%,2.63M,1.48M,-,0.12,5.7,31580,72.77
2016-07-07,EMKR,Emcore Corporation  ,Technology,Semiconductor - Integrated Circuits,294.17M,6.50M,1.00%,26.62M,25.46M,-,1.81,6.39,45630,12.11
2016-07-07,AAPL,Apple Inc.  ,Consumer Goods,Electronic Equipment,529.05B,50.68B,0.10%,5.51B,5.47B,8.99,1.58,107.68,492480,12.72
2016-07-07,LEDS,Semileds Corporati  ,Technology,Semiconductor- Memory Chips,26.69M,-11.90M,1.20%,2.63M,1.48M,-,0.12,5.75,31860,74.28
2016-07-08,BG,Bunge Limited  ,Consumer Goods,Farm Products,11.00B,532.00M,0.40%,138.72M,138.72M,-,2.01,70.17,57860,21.07
2016-07-08,CUDA,Barracuda Networks  ,Technology,Communication Equipment,1.24B,6.90M,12.50%,51.71M,32.48M,-,1.09,17.99,232780,15.99
2016-07-08,ETE,Energy Transfer Eq  ,Basic Materials,Oil & Gas Pipelines,18.92B,1.15B,27.11%,1.05B,1.03B,-,2.82,21.8,29970,42.67
2016-07-08,EBIO,Eleven Biotherapeu  ,Healthcare,Biotechnology,96.27M,-34.10M,2.30%,19.89M,19.41M,-,0.44,2.9,701060,47.96
2016-07-08,CUDA,Barracuda Networks  ,Technology,Communication Equipment,1.24B,6.90M,12.50%,51.71M,32.48M,-,1.09,17.99,232780,15.99
2016-07-08,BG,Bunge Limited  ,Consumer Goods,Farm Products,11.00B,532.00M,0.40%,138.72M,138.72M,-,2.01,70.17,57860,21.07
2016-07-08,ETE,Energy Transfer Eq  ,Basic Materials,Oil & Gas Pipelines,18.92B,1.15B,27.11%,1.05B,1.03B,-,2.82,21.8,29970,42.67
2016-07-08,EBIO,Eleven Biotherapeu  ,Healthcare,Biotechnology,96.27M,-34.10M,2.30%,19.89M,19.41M,-,0.44,2.9,701060,47.96
2016-07-08,CUDA,Barracuda Networks  ,Technology,Communication Equipment,1.24B,6.90M,12.50%,51.71M,32.48M,-,1.09,17.99,232780,15.99
2016-07-08,BG,Bunge Limited  ,Consumer Goods,Farm Products,11.00B,532.00M,0.40%,138.72M,138.72M,-,2.01,70.17,57860,21.07
2016-07-08,ETE,Energy Transfer Eq  ,Basic Materials,Oil & Gas Pipelines,18.92B,1.15B,27.11%,1.05B,1.03B,-,2.82,21.8,29970,42.67
2016-07-08,EBIO,Eleven Biotherapeu  ,Healthcare,Biotechnology,96.27M,-34.10M,2.30%,19.89M,19.41M,-,0.44,2.9,701060,47.96
2016-06-20,PRTA,Prothena Corporati  ,Healthcare,Biotechnology,1.06B,-40.20M,4.63%,31.29M,31.05M,-,4.17,43.88,41950,10.09
2016-06-20,BG,Bunge Limited  ,Consumer Goods,Farm Products,11.00B,532.00M,0.40%,138.72M,138.72M,-,2.01,73.21,200020,18.91
2016-06-21,GILD,Gilead Sciences In  ,Healthcare,Biotechnology,88.24B,13.50B,0.40%,1.31B,1.30B,S&P 500,1.27,97.04,157780,16.93
2016-06-21,MS,Morgan Stanley  ,Financial,Investment Brokerage - National,79.44B,4.76B,0.20%,1.87B,1.43B,S&P 500,1.68,30.85,70170,19.1
2016-08-17,MT,Arcelormittal  ,Basic Materials,Steel & Iron,24.65B,-5310.00M,,2.81B,1.88B,-,0.58,7.2,311310,12.52
2017-04-11,OSN,Ossen Innovation C  ,Basic Materials,Steel & Iron,87.59M,5.50M,,17.84M,0.83M,-,0.38,2.48,45800,14.29
